"Id","AppId","DisplayName","ServicePrincipalType","AccountEnabled","AppOwnerOrganizationId","PublisherName"
"010a1a47-8518-4069-a589-2f6040ab8434","342f61e2-a864-4c50-87de-86abc6790d49","Power Platform Policy Services CM - PROD","Application","True","f8cdef31-a31e-4b4a-93e4-5f571e91255a",
"022870b2-24a4-4946-a144-1f9b27aa21d3","1690c5aa-925a-4d0e-836b-722c795bd0d0","Group Configuration Processor","Application","True","f8cdef31-a31e-4b4a-93e4-5f571e91255a",
"02ca4288-8391-4ce8-9a13-aecd09573d1a","3340b944-b12e-47d0-b46b-35f08ec1d8ee","SPAuthEvent","Application","True","f8cdef31-a31e-4b4a-93e4-5f571e91255a",
"04687e4e-6201-4038-836d-e5988907627a","0ef94e72-e4fc-4aa0-a8f4-ff27deb3e6eb","Teams NRT DLP Ingestion Service","Application","True","f8cdef31-a31e-4b4a-93e4-5f571e91255a",
"06df5070-389f-4840-8f2c-b924ae796f4b","913c6de4-2a4a-4a61-a9ce-945d2b2ce2e0","Dynamics Lifecycle services","Application","True","f8cdef31-a31e-4b4a-93e4-5f571e91255a",
"070e8992-71c6-41ce-9e52-3cd8f2361f88","0eda3b13-ddc9-4c25-b7dd-2f6ea073d6b7","Microsoft Flow CDS Integration Service","Application","True","f8cdef31-a31e-4b4a-93e4-5f571e91255a",
"07380635-538a-48e2-ab5a-3c3892a70467","f36c30df-d241-4c14-a0ee-752c71e4d3da","IDS-PROD","Application","True","f8cdef31-a31e-4b4a-93e4-5f571e91255a",
"07c68ac9-b70d-403d-8ca3-e6883d13164f","dee7ba80-6a55-4f3b-a86c-746a9231ae49","Microsoft AppPlat EMA","Application","True","f8cdef31-a31e-4b4a-93e4-5f571e91255a",
"09316c74-aa14-48fc-91da-ff4c31c93179","557c67cf-c916-4293-8373-d584996f60ae","Configuration Manager Microservice","Application","True","f8cdef31-a31e-4b4a-93e4-5f571e91255a",
"09d248ee-53de-4bb0-943a-674312102261","00000007-0000-0000-c000-000000000000","Dataverse","Application","True","f8cdef31-a31e-4b4a-93e4-5f571e91255a",
"0a8e8aa2-51ce-46e5-9694-9d5a3a325fc0","1996141e-2b07-4491-927a-5a024b335c78","Microsoft Teams UIS","Application","True","f8cdef31-a31e-4b4a-93e4-5f571e91255a",
"0ac1fecc-7739-41be-88f1-e2e2486264f1","ac6dbf5e-1087-4434-beb2-0ebf7bd1b883","Microsoft Defender for Cloud Apps - Customer Experience","Application","True","f8cdef31-a31e-4b4a-93e4-5f571e91255a",
"0d18d863-fed4-49a2-8b67-f215d5ca43ee","c4bd54e4-c607-435b-8a5a-0d61edff7554","Intune Mobile Application Management Client","Application","True","f8cdef31-a31e-4b4a-93e4-5f571e91255a",
"0e550af1-7927-4a31-afaa-19f39985ecfb","1b912ec3-a9dd-4c4d-a53e-76aa7adb28d7","AADReporting","Application","True","f8cdef31-a31e-4b4a-93e4-5f571e91255a",
"0e625dd1-5a0b-422c-800c-fd03ffea05b4","75d4238e-b142-4d2d-aed9-232b830b8706","Viva Skills","Application","True","f8cdef31-a31e-4b4a-93e4-5f571e91255a",
"0fc7da6d-4444-4564-a99b-93a73c12bd96","00000005-0000-0000-c000-000000000000","Microsoft Azure Workflow","Application","True","f8cdef31-a31e-4b4a-93e4-5f571e91255a",
"1344fc52-c7f2-4231-8043-7798ab76ed45","3e36f539-fc2c-479c-90fb-3cfa21da3a4b","Power Platform Environment Discovery Service","Application","True","f8cdef31-a31e-4b4a-93e4-5f571e91255a",
"136968fb-cf1e-4f32-ad82-56a09cfa08b4","ca0a114d-6fbc-46b3-90fa-2ec954794ddb","Microsoft Device Management Checkin","Application","True","f8cdef31-a31e-4b4a-93e4-5f571e91255a",
"139b9754-36df-4c03-a496-25a0529e0007","6872b314-67ab-4a16-98e7-a663b0f772c3","Office365 Shell SS-Server Default","Application","True","f8cdef31-a31e-4b4a-93e4-5f571e91255a",
"148e64d9-3a4d-4abc-a341-17fbb018aa6f","01cb2876-7ebd-4aa4-9cc9-d28bd4d359a9","Device Registration Service","Application","True","f8cdef31-a31e-4b4a-93e4-5f571e91255a",
"158fb6b8-7145-4b3f-88ec-5cf410c3faec","8b3391f4-af01-4ee8-b4ea-9871b2499735","O365 Secure Score","Application","True","f8cdef31-a31e-4b4a-93e4-5f571e91255a",
"18b2552b-6a13-4a21-9ad1-f110a92de8ae","2f3f02c9-5679-4a5c-a605-0de55b07d135","Office 365 Information Protection","Application","True","f8cdef31-a31e-4b4a-93e4-5f571e91255a",
"18cd34e3-05c9-465e-8325-e7ae1a28a44b","91ad134d-5284-4adc-a896-d7fd24e9fa15","Microsoft Alchemy Service","Application","True","f8cdef31-a31e-4b4a-93e4-5f571e91255a",
"1a099a42-2e7d-462f-9233-ae30c59278e9","f9d02341-e7aa-456d-926d-4a0ca599fbee","Office 365 Enterprise Insights","Application","True","f8cdef31-a31e-4b4a-93e4-5f571e91255a",
"1a4ebe3d-dbdb-43d9-9fe3-0f4e8e177f18","8ee8fdad-f234-4243-8f3b-15c294843740","Microsoft Threat Protection","Application","True","f8cdef31-a31e-4b4a-93e4-5f571e91255a",
"1c119426-ccc4-42dc-ac77-c291d432bc0d","3829f069-1c33-45dd-84ab-2465f4282677","Azure Signup Api","Application","True","f8cdef31-a31e-4b4a-93e4-5f571e91255a",
"1ca877d4-bd83-4c5a-9418-336b576e8baa","9e133cac-5238-4d1e-aaa0-d8ff4ca23f4e","Conferencing Virtual Assistant","Application","True","f8cdef31-a31e-4b4a-93e4-5f571e91255a",
"1d0fa9b9-4d11-4e20-b45a-4454c513cbca","0f698dd4-f011-4d23-a33e-b36416dcb1e6","OfficeClientService","Application","True","f8cdef31-a31e-4b4a-93e4-5f571e91255a",
"20ced589-3711-41c4-beb7-cfdb45790c96","50e95039-b200-4007-bc97-8d5790743a63","Azure Virtual Desktop ARM Provider","Application","True","f8cdef31-a31e-4b4a-93e4-5f571e91255a",
"2186ec94-68fb-4756-8a59-0224b4b424be","475226c6-020e-4fb2-8a90-7a972cbfc1d4","PowerApps Service","Application","True","f8cdef31-a31e-4b4a-93e4-5f571e91255a",
"224c99c3-58e1-4e8b-b6be-87c731b669b8","00000006-0000-0ff1-ce00-000000000000","Microsoft Office 365 Portal","Application","True","f8cdef31-a31e-4b4a-93e4-5f571e91255a",
"22f90533-5293-4394-bb4c-d73f51d8a040","d6fdaa33-e821-4211-83d0-cf74736489e1","Microsoft Service Trust","Application","True","f8cdef31-a31e-4b4a-93e4-5f571e91255a",
"24a4f03c-700a-45df-bec1-fc5a3aa255c0","aeb86249-8ea3-49e2-900b-54cc8e308f85","M365 License Manager","Application","True","f8cdef31-a31e-4b4a-93e4-5f571e91255a",
"2525750f-ea2f-4cfc-8d22-9b00e18078d8","b8566c1c-2b37-4f6b-97ad-9aaf1fc20560","Intune MonoDeviceService ConfidentialClient","Application","True","f8cdef31-a31e-4b4a-93e4-5f571e91255a",
"2533a174-cf97-470a-ab63-675a9311e634","207a6836-d031-4764-a9d8-c1193f455f21","Conference Auto Attendant","Application","True","f8cdef31-a31e-4b4a-93e4-5f571e91255a",
"26550e32-6fa7-4ab8-a671-e020dda7b399","80ccca67-54bd-44ab-8625-4b79c4dc7775","Microsoft 365 Security and Compliance Center","Application","True","f8cdef31-a31e-4b4a-93e4-5f571e91255a",
"26bcde3a-05bb-4d1d-8d37-8a35508cb509","c9299480-c13a-49db-a7ae-cdfe54fe0313","PowerApps-Advisor","Application","True","f8cdef31-a31e-4b4a-93e4-5f571e91255a",
"270c45ab-1070-485b-90c4-b545346565d5","9e4a5442-a5c9-4f6f-b03f-5b9fcaaf24b1","OfficeServicesManager","Application","True","f8cdef31-a31e-4b4a-93e4-5f571e91255a",
"2748f283-775b-4eed-af8e-e2995fe2b376","e74a9aae-ce66-426d-b197-ef43a773faa8","Microsoft.Defender.Incident","Application","True","f8cdef31-a31e-4b4a-93e4-5f571e91255a",
"28f36472-aab0-4e03-9f41-064cd878fc3b","32b6d34b-c894-4971-8223-e17b86e9ad26","Signal B2 Service","Application","True","f8cdef31-a31e-4b4a-93e4-5f571e91255a",
"29a2aabc-6311-4e5a-badd-fcb1a8f6c2d9","c9d36ed4-91b3-4c87-b8d7-68d92826c96c","Modern Workplace Customer APIs","Application","True","f8cdef31-a31e-4b4a-93e4-5f571e91255a",
"2aa2f855-8274-49de-a837-834bf5b58d9f","f53895d3-095d-408f-8e93-8f94b391404e","Portfolios","Application","True","f8cdef31-a31e-4b4a-93e4-5f571e91255a",
"2ad0210c-3f5f-4ebb-a24a-3d342e0f26ed","7c99d979-3b9c-4342-97dd-3239678fb300","Data Classification Service","Application","True","f8cdef31-a31e-4b4a-93e4-5f571e91255a",
"2b1d46cc-6b1e-4e06-b685-311e8c4178c0","481115cb-6d15-4cc0-8caf-f2fee7bfbd2b","IC3 Modern Effective Config Worker","Application","True","f8cdef31-a31e-4b4a-93e4-5f571e91255a",
"3011e353-e8e8-4719-b560-dfa0fbf79321","c98e5057-edde-4666-b301-186a01b4dc58","MicrosoftEndpointDLP","Application","True","f8cdef31-a31e-4b4a-93e4-5f571e91255a",
"314d6250-01f5-4b9d-9f13-c8aa5b0ed289","62a112d5-f305-42a6-8ced-6b8e3f71fb0d","IC3 Tenant Provisioning","Application","True","f8cdef31-a31e-4b4a-93e4-5f571e91255a",
"3435342d-6076-4ef5-8597-7a5e05ede579","66a88757-258c-4c72-893c-3e8bed4d6899","Office 365 Search Service","Application","True","f8cdef31-a31e-4b4a-93e4-5f571e91255a",
"3465890c-858b-4814-b007-32c8d1903973","8fca0a66-c008-4564-a876-ab3ae0fd5cff","Microsoft.SMIT","Application","True","f8cdef31-a31e-4b4a-93e4-5f571e91255a",
"35013585-bb41-49b3-b4a3-d3d3b570983e","644c1b11-f63f-45fa-826b-a9d2801db711","CompliancePolicy","Application","True","f8cdef31-a31e-4b4a-93e4-5f571e91255a",
"350b7ae4-76ff-42d8-9b74-935dbb6db5c4","507bc9da-c4e2-40cb-96a7-ac90df92685c","Office 365 Reports","Application","True","f8cdef31-a31e-4b4a-93e4-5f571e91255a",
"36242137-3b4c-416e-b19b-1af1eac19a53","978877ea-b2d6-458b-80c7-05df932f3723","Microsoft Teams AuditService","Application","True","f8cdef31-a31e-4b4a-93e4-5f571e91255a",
"37cf4b6f-a9b6-4c86-a1c0-a69ea0d79061","1e70cd27-4707-4589-8ec5-9bd20c472a46","Skype Presence Service","Application","True","f8cdef31-a31e-4b4a-93e4-5f571e91255a",
"38633e8d-a79a-4889-9a4a-dd68b5ac7ece","6f0478d5-61a3-4897-a2f2-de09a5a90c7f","WindowsUpdate-Service","Application","True","f8cdef31-a31e-4b4a-93e4-5f571e91255a",
"388e3503-6c57-42e5-a1cd-8aeec5c6b5ae","00000002-0000-0000-c000-000000000000","Windows Azure Active Directory","Application","True","f8cdef31-a31e-4b4a-93e4-5f571e91255a",
"39ba21af-9690-4e2f-b1a1-977365922d95","00000009-0000-0000-c000-000000000000","Power BI Service","Application","True","f8cdef31-a31e-4b4a-93e4-5f571e91255a",
"3b691c75-4427-4044-ae6c-f7527df16a37","8ae6a0b1-a07f-4ec9-927a-afb8d39da81c","Microsoft Device Management EMM API","Application","True","f8cdef31-a31e-4b4a-93e4-5f571e91255a",
"3ccd7168-383b-48d5-b1c5-10129269f171","0000000a-0000-0000-c000-000000000000","Microsoft Intune","Application","True","f8cdef31-a31e-4b4a-93e4-5f571e91255a",
"3d596355-3121-449c-851c-97931a92a5c3","f389d335-c0cf-4069-984b-88005f1f09a1","Modern Policy Administration Pasta - Prod","Application","True","f8cdef31-a31e-4b4a-93e4-5f571e91255a",
"3dd3a3ff-9713-4628-a5e3-e927c0ed5ba3","3c896ded-22c5-450f-91f6-3d1ef0848f6e","WeveEngine","Application","True","f8cdef31-a31e-4b4a-93e4-5f571e91255a",
"3e01f464-5637-484a-9216-c38ae56a1308","9d8f559b-5984-46a4-902a-ad4271e83efa","Microsoft Copilot Studio Service","Application","True","f8cdef31-a31e-4b4a-93e4-5f571e91255a",
"3ed8c0b9-c29c-41c6-a979-f9621acc48aa","7e313d81-57dd-4bdd-906e-337963583de3","Intune DeviceDirectory ConfidentialClient","Application","True","f8cdef31-a31e-4b4a-93e4-5f571e91255a",
"3ee3afca-1dde-43ae-b3f2-82de37e07b90","73c2949e-da2d-457a-9607-fcc665198967","Azure Purview","Application","True","f8cdef31-a31e-4b4a-93e4-5f571e91255a",
"43c75c21-631b-4050-934a-0ec447da884b","26a18ebc-cdf7-4a6a-91cb-beb352805e81","Skype Teams Calling API Service","Application","True","f8cdef31-a31e-4b4a-93e4-5f571e91255a",
"44bfa8b8-d2e1-4723-89cc-ad9f719acdd8","87e86b91-9ae3-4679-b68a-471fe50be746","Microsoft Managed Policy Manager","Application","True","f8cdef31-a31e-4b4a-93e4-5f571e91255a",
"45603350-c297-473d-b2c8-370457cbfa96","21a8a852-89f4-4947-a374-b26b2db3d365","IC3 Long Running Operations Service","Application","True","f8cdef31-a31e-4b4a-93e4-5f571e91255a",
"4630b89a-91e0-4fb6-a7a4-ffa6f921c051","0bf30f3b-4a52-48df-9a82-234910c4a086","Microsoft Graph Change Tracking","Application","True","f8cdef31-a31e-4b4a-93e4-5f571e91255a",
"477ab42a-a52a-4a75-9f42-d462e78eed7c","0d38933a-0bbd-41ca-9ebd-28c4b5ba7cb7","M365PurvieweDiscoveryService","Application","True","f8cdef31-a31e-4b4a-93e4-5f571e91255a",
"47f6924f-8ac3-4937-ac6c-84ce1fd213b4","b4bddae8-ab25-483e-8670-df09b9f1d0ea","Signup","Application","True","f8cdef31-a31e-4b4a-93e4-5f571e91255a",
"49c92d70-f932-48ca-9c92-2b7b4ab70b9e","f0ae4899-d877-4d3c-ae25-679e38eea492","AAD App Management","Application","True","f8cdef31-a31e-4b4a-93e4-5f571e91255a",
"49ecf346-6dd5-4177-aeb0-7c72bf97c17f","00000005-0000-0ff1-ce00-000000000000","Viva Engage","Application","True","f8cdef31-a31e-4b4a-93e4-5f571e91255a",
"4b495ea5-dd3e-4e1e-8fbf-56a47a59fdd0","9ea1ad79-fdb6-4f9a-8bc3-2b70f96e34c7","Bing","Application","True","f8cdef31-a31e-4b4a-93e4-5f571e91255a",
"4fcee4de-47a0-456c-89a8-21bac32c52c4","b20d0d3a-dc90-485b-ad11-6031e769e221","SalesInsightsWebApp","Application","True","f8cdef31-a31e-4b4a-93e4-5f571e91255a",
"50589c7b-d234-40a2-bc39-5e5ef4f02618","da9b70f6-5323-4ce6-ae5c-88dcc5082966","Universal Print","Application","True","f8cdef31-a31e-4b4a-93e4-5f571e91255a",
"51e46fb2-60d2-4575-b94c-0fafa4bec365","7a274595-3618-4e6f-b54e-05bb353e0153","Teams NRT DLP Service","Application","True","f8cdef31-a31e-4b4a-93e4-5f571e91255a",
"5335f613-8889-4ccf-a986-3c0b9016daae","ce79fdc4-cd1d-4ea5-8139-e74d7dbe0bb7","Lifecycle Workflows","Application","True","f8cdef31-a31e-4b4a-93e4-5f571e91255a",
"544fb715-fade-4b32-ba16-2dcd5d2ab11f","fd14a986-6fe4-409a-883e-cdec1009cd54","Intune Grouping and Targeting Client Prod","Application","True","f8cdef31-a31e-4b4a-93e4-5f571e91255a",
"545c9788-adba-429f-b107-79034b6a25cd","3138fe80-4087-4b04-80a6-8866c738028a","SharePoint Notification Service","Application","True","f8cdef31-a31e-4b4a-93e4-5f571e91255a",
"554266e8-ee62-4527-b2a6-9b3d381dfbf9","65c8bd9e-caac-4816-be98-0692f41191bc","People Profile Event Proxy","Application","True","f8cdef31-a31e-4b4a-93e4-5f571e91255a",
"56f76693-3965-44c9-a425-4675be2c8239","98db8bd6-0cc0-4e67-9de5-f187f1cd1b41","Microsoft Substrate Management","Application","True","f8cdef31-a31e-4b4a-93e4-5f571e91255a",
"5713b603-e381-49cf-8d12-2e4ae02aa5d4","ab3be6b7-f5df-413d-ac2d-abf1e3fd9c0b","Microsoft Teams Graph Service","Application","True","f8cdef31-a31e-4b4a-93e4-5f571e91255a",
"5749f0f9-a730-426a-ba27-87150ab81722","f8f7a2aa-e116-4ba6-8aea-ca162cfa310d","Microsoft Graph Connectors Core","Application","True","f8cdef31-a31e-4b4a-93e4-5f571e91255a",
"58d892ba-e365-4e5d-a51c-8383d3bc823a","8d605dfc-1a04-4da6-9be2-8426724af3f3","Power Platform Authorization Service PROD","Application","True","f8cdef31-a31e-4b4a-93e4-5f571e91255a",
"59365484-a15d-463b-8b68-3f16af37b865","fbb0ac1a-82dd-478b-a0e5-0b2b98ef38fe","Substrate-FileWatcher","Application","True","f8cdef31-a31e-4b4a-93e4-5f571e91255a",
"596e7288-b1c8-48e3-bcc9-65002ce076f8","a882f5bd-2492-44fe-bb55-a811aab59451","Intune Compliance Client Prod","Application","True","f8cdef31-a31e-4b4a-93e4-5f571e91255a",
"59827f3d-5693-4631-8f54-ec1917bef9cd","87df0fbf-e22d-4d7c-bc30-f59ca7460837","Microsoft Solution Providers","Application","True","f8cdef31-a31e-4b4a-93e4-5f571e91255a",
"5a9d1066-3ca9-4eff-8fdd-b6b4c09c21ab","c61d67cf-295a-462c-972f-33af37008751","Call Quality Dashboard","Application","True","f8cdef31-a31e-4b4a-93e4-5f571e91255a",
"5b86b8f5-cf31-4f1b-bbd3-8060268f0695","6abc93dc-978e-48a3-8e54-458e593ed8cf","Customer Service Trial PVA - readonly","Application","True","f8cdef31-a31e-4b4a-93e4-5f571e91255a",
"5c39e2b3-b8e9-4d32-a1d8-a584012e083b","02d2a314-8dbb-47d3-8a77-1677403097de","Microsoft SaaS Hub Resource Provider","Application","True","f8cdef31-a31e-4b4a-93e4-5f571e91255a",
"5dcb0708-e380-410d-a349-7c74272547b1","50d8616b-fd4f-4fac-a1c9-a6a9440d7fe0","OMSAuthorizationServicePROD","Application","True","f8cdef31-a31e-4b4a-93e4-5f571e91255a",
"5f1ca824-f41e-4e89-9163-183869432c22","59534ab2-0027-4a45-b9ec-61d1b6b871c9","Power Platform Connector Management Service - PROD","Application","True","f8cdef31-a31e-4b4a-93e4-5f571e91255a",
"5fde40e0-3481-4723-a467-477f344e8604","7dcff627-a295-4553-9229-b1f3513f82a8","Power Platform Data Analytics","Application","True","f8cdef31-a31e-4b4a-93e4-5f571e91255a",
"5fea974e-e355-4dea-98b0-edf2e5370622","c728155f-7b2a-4502-a08b-b8af9b269319","AAD Request Verification Service - PROD","Application","True","f8cdef31-a31e-4b4a-93e4-5f571e91255a",
"602e82bd-5d9b-49fa-8288-fe55e82e189d","61f9e166-f678-4342-bfd3-b49781ce7a0a","Teams Policy Notification Processor Service","Application","True","f8cdef31-a31e-4b4a-93e4-5f571e91255a",
"6131105b-1cfc-4e02-938a-da44616e1bf7","2b479c68-8d9b-4e27-9d85-5d74803de734","Virtual Visits App","Application","True","f8cdef31-a31e-4b4a-93e4-5f571e91255a",
"61bb4487-9efa-4f7c-995d-d8050e7502f6","5da7367f-09c8-493e-8fd4-638089cddec3","CABProvisioning","Application","True","f8cdef31-a31e-4b4a-93e4-5f571e91255a",
"642341d8-ee2e-4e62-af72-77de30b205aa","1c2909a7-6432-4263-a70d-929a3c1f9ee5","Common Data Service License Management","Application","True","f8cdef31-a31e-4b4a-93e4-5f571e91255a",
"643e479b-b927-45c1-a54f-fc8e26f535a1","92876b03-76a3-4da8-ad6a-0511ffdf8647","M365PurvieweDiscoveryInfra","Application","True","f8cdef31-a31e-4b4a-93e4-5f571e91255a",
"64d146c5-9444-453a-9017-f4fe1540f54f","2793995e-0a7d-40d7-bd35-6968ba142197","My Apps","Application","True","f8cdef31-a31e-4b4a-93e4-5f571e91255a",
"6545cbc5-d026-4c51-8110-66db10f28233","0000000c-0000-0000-c000-000000000000","Microsoft App Access Panel","Application","True","f8cdef31-a31e-4b4a-93e4-5f571e91255a",
"6615839e-65da-4ad3-b212-ec42d092c1f3","992136bc-5b57-425f-8d95-ac65975722cd","Microsoft Defender Hunting","Application","True","f8cdef31-a31e-4b4a-93e4-5f571e91255a",
"67489b9a-abd2-4768-87a9-6fb6199dd755","8bbf8725-b3ca-4468-a217-7c8da873186e","DeploymentScheduler","Application","True","f8cdef31-a31e-4b4a-93e4-5f571e91255a",
"67d41d48-58c7-4109-a52c-01affaf559a4","2220bbc4-4518-4fef-aac6-c6f32e9f9fd1","Customer Experience Platform PROD","Application","True","f8cdef31-a31e-4b4a-93e4-5f571e91255a",
"696887bd-6297-4dfb-93cd-36a8a600ba29","ca823448-c1b8-45b8-854d-e356f10c90be","Graph-Automation","Application","True","53598f56-182f-4762-bd05-4586973fb766",
"69f6b72f-437d-4e31-89b3-3fa958e48b56","5a4a238f-f186-4fff-95bd-d3e70f9e1a08","Privacy Management","Application","True","f8cdef31-a31e-4b4a-93e4-5f571e91255a",
"6b7ec998-c229-4adf-a862-4548d10c4ecc","de247707-4e4a-47d6-89fd-3c632f870b34","CloudLicensingSystem","Application","True","f8cdef31-a31e-4b4a-93e4-5f571e91255a",
"6dae3d8f-2bba-43ad-b52c-d77a6b8afc71","48af08dc-f6d2-435f-b2a7-069abd99c086","Connectors","Application","True","f8cdef31-a31e-4b4a-93e4-5f571e91255a",
"7023b71b-8dc1-4835-b747-5c6169e4596d","7df0a125-d3be-4c96-aa54-591f83ff541c","Microsoft Flow Service","Application","True","f8cdef31-a31e-4b4a-93e4-5f571e91255a",
"71c3963e-0ba8-44ff-b4a1-074db0ab1ec7","9322f837-c8f8-4796-9aef-1677748fe553","OneNote Web Clipper","Application","True","cdc5aeea-15c5-4db6-b079-fcadd2505dc2",
"71e06ac3-1b1f-41e9-b51f-ef6f7a5042a5","66244124-575c-4284-92bc-fdd00e669cea","IAMTenantCrawler","Application","True","f8cdef31-a31e-4b4a-93e4-5f571e91255a",
"7450c1bc-1dab-4c37-ae34-298583097890","40775b29-2688-46b6-a3b5-b256bd04df9f","Microsoft Information Protection API","Application","True","f8cdef31-a31e-4b4a-93e4-5f571e91255a",
"745bbc88-1166-4295-98f8-7ccd46ccded8","bb2a2e3a-c5e7-4f0a-88e0-8e01fd3fc1f4","CPIM Service","Application","True","f8cdef31-a31e-4b4a-93e4-5f571e91255a",
"75a5228b-16b8-41a3-87ce-7ea1ec30bf04","8578e004-a5c6-46e7-913e-12f58912df43","Power Platform API","Application","True","f8cdef31-a31e-4b4a-93e4-5f571e91255a",
"771aa1cb-daaf-4484-af90-59ec78019d8c","14452459-6fa6-4ec0-bc50-1528a1a06bf0","Intune CMDeviceService","Application","True","f8cdef31-a31e-4b4a-93e4-5f571e91255a",
"77836adf-4890-4108-b121-db2a12f97b7e","abc63b55-0325-4305-9e1e-3463b182a6dc","TenantSearchProcessors","Application","True","f8cdef31-a31e-4b4a-93e4-5f571e91255a",
"7837c68b-4a26-43ff-ad66-2ee34de025dd","05a65629-4c1b-48c1-a78b-804c4abdd4af","Microsoft Cloud App Security","Application","True","f8cdef31-a31e-4b4a-93e4-5f571e91255a",
"7910230e-103f-45cb-b30e-233ca455d6ca","93625bc8-bfe2-437a-97e0-3d0060024faa","Microsoft password reset service","Application","True","f8cdef31-a31e-4b4a-93e4-5f571e91255a",
"79d15558-7bfb-4fcb-bca5-79d438a94f10","00000014-0000-0000-c000-000000000000","Microsoft.Azure.SyncFabric","Application","True","f8cdef31-a31e-4b4a-93e4-5f571e91255a",
"79dd6ba3-8a31-4726-a1f6-0069c895bc32","c81c4f54-f70c-49e3-a01d-0a44ed684c5a","Power Policy CM - PROD","Application","True","f8cdef31-a31e-4b4a-93e4-5f571e91255a",
"7a3e55b5-c485-490b-a92c-cd61c824dd44","61a63147-3824-45f5-a186-ace3f4c9daeb","MsgDataMgmt","Application","True","f8cdef31-a31e-4b4a-93e4-5f571e91255a",
"7d0b82e2-9583-4f1f-af56-c5592e85fc48","b2cc270f-563e-4d8a-af47-f00963a71dcd","OneProfile Service","Application","True","f8cdef31-a31e-4b4a-93e4-5f571e91255a",
"7e82be20-3fa8-4c0d-95a7-a9ca85efe2fc","905fcf26-4eb7-48a0-9ff0-8dcc7194b5ba","Sway","Application","True","f8cdef31-a31e-4b4a-93e4-5f571e91255a",
"83518b01-38e2-4d42-9819-568efbdc311e","9cb77803-d937-493e-9a3b-4b49de3f5a74","Microsoft Intune Service Discovery","Application","True","f8cdef31-a31e-4b4a-93e4-5f571e91255a",
"84aeef37-2978-42bb-b46b-cb8faab82c71","56c1da01-2129-48f7-9355-af6d59d42766","Graph Connector Service","Application","True","f8cdef31-a31e-4b4a-93e4-5f571e91255a",
"878b75d7-c0db-4f7a-8588-7107c93a477b","66c23536-2118-49d3-bc66-54730b057680","Skype Core Calling Service","Application","True","f8cdef31-a31e-4b4a-93e4-5f571e91255a",
"88314cf7-5cb0-49a1-86de-f91150ac5bab","00000007-0000-0ff1-ce00-000000000000","Microsoft Exchange Online Protection","Application","True","f8cdef31-a31e-4b4a-93e4-5f571e91255a",
"883e49c5-0b44-443c-9d96-ff2a87baa2be","2d4d3d8e-2be3-4bef-9f87-7875a61c29de","OneNote","Application","True","f8cdef31-a31e-4b4a-93e4-5f571e91255a",
"894e07be-4117-4f3a-a0ea-46102d7e0f37","0fa37baf-7afc-4baf-ab2d-d5bb891d53ef","Microsoft Teams ATP Service","Application","True","f8cdef31-a31e-4b4a-93e4-5f571e91255a",
"8a0fbcbd-e788-4157-a88b-719e7ccc3ab2","a0e1e353-1a3e-42cf-a8ea-3a9746eec58c","Microsoft AppSource","Application","True","f8cdef31-a31e-4b4a-93e4-5f571e91255a",
"8b1cf4bf-ff8f-4ad9-aa4d-624644f14306","6b91db1b-f05b-405a-a0b2-e3f60b28d645","M365 Admin Services","Application","True","f8cdef31-a31e-4b4a-93e4-5f571e91255a",
"8ede5bd5-1cca-4008-87a8-76e6333a6e62","65d91a3d-ab74-42e6-8a2f-0add61688c74","Microsoft Approval Management","Application","True","f8cdef31-a31e-4b4a-93e4-5f571e91255a",
"905feaf5-3cc3-4882-9587-cf2fe4ffd732","6e99704e-62d5-40f6-b2fe-90aafbe3a710","OCaaS Experience Management Service","Application","True","f8cdef31-a31e-4b4a-93e4-5f571e91255a",
"921f3cf0-a227-44de-ae48-1b20671b966c","cdccd920-384b-4a25-897d-75161a4b74c1","Skype Teams Firehose","Application","True","f8cdef31-a31e-4b4a-93e4-5f571e91255a",
"930e9b4c-4a64-4467-ae21-79e7aa8311ff","00000012-0000-0000-c000-000000000000","Microsoft Rights Management Services","Application","True","f8cdef31-a31e-4b4a-93e4-5f571e91255a",
"9337973f-0a6b-46fe-8328-afd060baaa19","08e18876-6177-487e-b8b5-cf950c1e598c","SharePoint Online Web Client Extensibility","Application","True","f8cdef31-a31e-4b4a-93e4-5f571e91255a",
"93a04880-d486-4e19-a3d9-8b23dba51b9b","734b96c4-2c97-44d6-8595-cd38f20c5416","SPNews","Application","True","f8cdef31-a31e-4b4a-93e4-5f571e91255a",
"940d538d-330b-4da9-93b9-7e03c345f439","e8be65d6-d430-4289-a665-51bf2a194bda","Microsoft 365 App Catalog Services","Application","True","f8cdef31-a31e-4b4a-93e4-5f571e91255a",
"94e3d32e-1bb7-44c5-8d9c-6a391d5ddda9","cc15fd57-2c6c-4117-a88c-83b1d56b4bbe","Microsoft Teams Services","Application","True","f8cdef31-a31e-4b4a-93e4-5f571e91255a",
"96d9c806-c9c0-467f-800b-fcec55e3a6df","b6fb6bd6-f0fb-4a60-beb1-4e50afd0eaa9","Power Apps Service Data Plane Backend","Application","True","f8cdef31-a31e-4b4a-93e4-5f571e91255a",
"972bfdd7-01bf-4ed5-b1d5-15845584f5c2","e8bdeda8-b4a3-4eed-b307-5e2456238a77","Office365 Shell SS-Server","Application","True","f8cdef31-a31e-4b4a-93e4-5f571e91255a",
"98ca5c1f-a421-4ece-9c05-f64440bd83f1","981f26a1-7f43-403b-a875-f8b09b8cd720","Azure Multi-Factor Auth Client","Application","True","f8cdef31-a31e-4b4a-93e4-5f571e91255a",
"9a875d9a-3106-4c1e-ae73-0bc9fdeab61f","b1379a75-ce5e-4fa3-80c6-89bb39bf646c","Microsoft Teams Chat Aggregator","Application","True","f8cdef31-a31e-4b4a-93e4-5f571e91255a",
"9a9b0f77-04b8-4f69-b273-593c900978ec","944861d3-5975-4f8b-afd4-3422c0b1b6ce","Customer Service Trial PVA","Application","True","f8cdef31-a31e-4b4a-93e4-5f571e91255a",
"9c297f5e-bd25-42cf-82fc-031d30ccd302","1ec27675-470a-4e7d-9808-9722242b8f05","PnP.PowerShell (Jeremy)","Application","True","53598f56-182f-4762-bd05-4586973fb766",
"9d415864-4e03-44f8-b70f-5e7f9a26eb64","63340487-1a4d-4f1d-a815-e8c321d28047","P2P Server","Application","True","53598f56-182f-4762-bd05-4586973fb766",
"9d43b25f-fb49-4f82-b20e-fa05819ba4ff","c5393580-f805-4401-95e8-94b7a6ef2fc2","Office 365 Management APIs","Application","True","f8cdef31-a31e-4b4a-93e4-5f571e91255a",
"9da54da9-3c3e-4913-a836-e5e415ee9d43","0a5f63c0-b750-4f38-a71c-4fc0d58b89e2","Microsoft Mobile Application Management","Application","True","f8cdef31-a31e-4b4a-93e4-5f571e91255a",
"a3cc3a14-5102-410a-aa1a-78991440ec38","2ddfbe71-ed12-4123-b99b-d5fc8a062a79","Microsoft Teams Admin Portal Service","Application","True","f8cdef31-a31e-4b4a-93e4-5f571e91255a",
"a419768d-0a20-418b-9863-7fa1ce24c463","5e42da9e-6405-4e7e-b342-5bf88cce47d5","GraphPS","Application","True","53598f56-182f-4762-bd05-4586973fb766",
"a4c4eae8-c0d6-4f1c-a199-4b738fb24861","c02fe86e-090f-4682-aabd-832b69f3b984","M365-Lab-GraphPS","Application","True","53598f56-182f-4762-bd05-4586973fb766",
"a5a0ebb2-f601-41e9-a4a2-aff314b966f1","82f45fb0-18b4-4d68-8bed-9e44909e3890","Meeting Migration Service","Application","True","f8cdef31-a31e-4b4a-93e4-5f571e91255a",
"a5b9aa95-001d-4811-9819-89460dded39b","d73f4b35-55c9-48c7-8b10-651f6f2acb2e","MCAPI Authorization Prod","Application","True","f8cdef31-a31e-4b4a-93e4-5f571e91255a",
"a753aec8-a122-4379-8a73-3b52bc252022","4e445925-163e-42ca-b801-9073bfa46d17","SharePoint Home Notifier","Application","True","f8cdef31-a31e-4b4a-93e4-5f571e91255a",
"a7b1e01f-6c2c-4561-97dc-2be93b2e9eda","ea890292-c8c8-4433-b5ea-b09d0668e1a6","Azure Credential Configuration Endpoint Service","Application","True","f8cdef31-a31e-4b4a-93e4-5f571e91255a",
"a8227ee4-d58f-4eb3-9b2e-cef69db05dac","cb1bda4c-1213-4e8b-911a-0a8c83c5d3b7","o365.servicecommunications.microsoft.com","Application","True","f8cdef31-a31e-4b4a-93e4-5f571e91255a",
"ad4298ab-3ef7-492d-8fda-0a94aca97878","89e7f920-bdc3-4e71-99e5-30d84827b610","Dunloe Dataplane Service","Application","True","f8cdef31-a31e-4b4a-93e4-5f571e91255a",
"adc99a40-9981-4abf-83a2-7613de9f1910","982bda36-4632-4165-a46a-9863b1bbcf7d","O365 Demeter","Application","True","f8cdef31-a31e-4b4a-93e4-5f571e91255a",
"aed7662f-bb23-4f39-a7d5-d395aa88986e","8ad61c39-5b6e-447c-b26a-a64eee436502","M365AdminAgent","Application","True","f8cdef31-a31e-4b4a-93e4-5f571e91255a",
"af8db71c-fb6c-41a9-9cba-61a1201cd96c","fc780465-2017-40d4-a0c5-307022471b92","WindowsDefenderATP","Application","True","f8cdef31-a31e-4b4a-93e4-5f571e91255a",
"b060a03d-964b-440d-b218-e274e5a089d3","9cdead84-a844-4324-93f2-b2e6bb768d07","Azure Virtual Desktop","Application","True","f8cdef31-a31e-4b4a-93e4-5f571e91255a",
"b09d77db-bf42-4001-b7f3-d2c387b98f21","0517ffae-825d-4aff-999e-3f2336b8a20a","M365 App Management Service","Application","True","f8cdef31-a31e-4b4a-93e4-5f571e91255a",
"b1e40b01-81ed-4e4f-a720-ffdc82edddd9","e3335adb-5ca0-40dc-b8d3-bedc094e523b","SubscriptionRP","Application","True","f8cdef31-a31e-4b4a-93e4-5f571e91255a",
"b2e7e190-d559-4cd6-a82c-3ec6a51a33df","62b732f7-fc71-40bc-b27d-35efcb0509de","Microsoft Teams AadSync","Application","True","f8cdef31-a31e-4b4a-93e4-5f571e91255a",
"b34bbe8f-6bda-46d6-8972-a456bf3201af","933838e2-bec1-440f-a634-9363c82e5b6d","Graph Connector Federated Credential App","Application","True","f8cdef31-a31e-4b4a-93e4-5f571e91255a",
"b65c58db-8479-496b-be0c-1e981397a244","96ff4394-9197-43aa-b393-6a41652e21f8","Power Virtual Agents ","Application","True","f8cdef31-a31e-4b4a-93e4-5f571e91255a",
"b677b430-d13b-44f0-bda7-0b483e5d9633","e158eb19-34ac-4d1b-a930-ec92172f7a97","Audit Search Api Service","Application","True","f8cdef31-a31e-4b4a-93e4-5f571e91255a",
"b6b99ec7-3835-469b-8108-642e6cc8fb7e","c830ddb0-63e6-4f22-bd71-2ad47198a23e","Microsoft To-Do","Application","True","f8cdef31-a31e-4b4a-93e4-5f571e91255a",
"b6d2b4ca-a123-473d-b56f-f59752e65028","51133ff5-8e0d-4078-bcca-84fb7f905b64","Microsoft Teams Mailhook","Application","True","f8cdef31-a31e-4b4a-93e4-5f571e91255a",
"b6ed8bcc-922b-4619-b196-8fa86d865bf7","63e61dc2-f593-4a6f-92b9-92e4d2c03d4f","Microsoft Intune SCCM Connector","Application","True","f8cdef31-a31e-4b4a-93e4-5f571e91255a",
"b73fb110-e1ea-48da-98ca-70069918a641","ab158d9a-0b5c-4cc3-bb2b-f6646581e4e4","CAP Neptune Prod CM Prod ","Application","True","f8cdef31-a31e-4b4a-93e4-5f571e91255a",
"b75f0606-96bd-446d-80c5-1bf389acbb82","cbfda01c-c883-45aa-aedc-e7a484615620","Microsoft Windows AutoPilot Service API","Application","True","f8cdef31-a31e-4b4a-93e4-5f571e91255a",
"b93333c7-6fdb-45d1-a6b4-71c02c46959c","81ca2f57-06b8-4597-9eee-ad8f700c5106","MicrosoftEntraIDReputationManagementServices","Application","True","f8cdef31-a31e-4b4a-93e4-5f571e91255a",
"b94a4e8c-ecbb-4496-a185-c3ecf4eeb181","4c8f074c-e32b-4ba7-b072-0f39d71daf51","IPSubstrate","Application","True","f8cdef31-a31e-4b4a-93e4-5f571e91255a",
"b9570497-0fc8-4d59-b993-2f87d4ce7772","61ae9cd9-7bca-458c-affc-861e2f24ba3b","Windows Update for Business Deployment Service","Application","True","f8cdef31-a31e-4b4a-93e4-5f571e91255a",
"b97c71a2-7c8c-4d1b-a16c-2754c9b275c8","74bcdadc-2fdc-4bb3-8459-76d06952a0e9","Microsoft Intune Web Company Portal","Application","True","f8cdef31-a31e-4b4a-93e4-5f571e91255a",
"b981a6eb-cbc1-4c36-ad0e-d19ffb2319ac","48ac35b8-9aa8-4d74-927d-1f4a14a0b239","Skype and Teams Tenant Admin API","Application","True","f8cdef31-a31e-4b4a-93e4-5f571e91255a",
"b9a50247-b999-4e9c-ac3c-8d31655b9a4f","4747d38e-36c5-4bc3-979b-b0ef74df54d1","PushChannel","Application","True","f8cdef31-a31e-4b4a-93e4-5f571e91255a",
"b9edc820-b77b-40e5-a805-d3c80d52d93a","aa9ecb1e-fd53-4aaa-a8fe-7a54de2c1334","Office 365 Configure","Application","True","f8cdef31-a31e-4b4a-93e4-5f571e91255a",
"bba2ec08-c248-445d-aa8b-4e15119a94f6","14d82eec-204b-4c2f-b7e8-296a70dab67e","Microsoft Graph Command Line Tools","Application","True","cdc5aeea-15c5-4db6-b079-fcadd2505dc2",
"be13d701-fe57-4a88-b82d-c16fad0c191e","e29b5c86-b9ab-4a86-9a20-d10842007599","SharePoint Framework Azure AD Helper","Application","True","f8cdef31-a31e-4b4a-93e4-5f571e91255a",
"beb16f1d-ecf1-4e37-bc36-80885deb17e8","fc03f97a-9db0-4627-a216-ec98ce54e018","Azure AD Notification","Application","True","f8cdef31-a31e-4b4a-93e4-5f571e91255a",
"bf42eee6-2578-449d-abee-d3ce36f8a0ff","597cd9fe-6340-49a7-a0e3-8af00a7e1730","Marketplace Rating and Reviews PROD","Application","True","f8cdef31-a31e-4b4a-93e4-5f571e91255a",
"c1d6f930-53d9-44b3-b38e-d79e3ef7ef0d","0469d4cd-df37-4d93-8a61-f8c75b809164","Policy Administration Service","Application","True","f8cdef31-a31e-4b4a-93e4-5f571e91255a",
"c3517b18-d4fd-4c0f-a480-f0a6e01cd910","80dbdb39-4f33-4799-8b6f-711b5e3e61b6","Billing RP","Application","True","f8cdef31-a31e-4b4a-93e4-5f571e91255a",
"c49505e3-39f3-4c18-b96d-6ebba610d53a","f2537abf-644e-4a0d-9f7b-c91c45c643db","Teams Admin Monitoring Alerting Platform","Application","True","f8cdef31-a31e-4b4a-93e4-5f571e91255a",
"c5ad2cb9-0da5-4a55-8ed4-815fd6e0fb2a","a68e1e61-ad4f-45b6-897d-0a1ea8786345","Office365 Shell WCSS-Server Default","Application","True","f8cdef31-a31e-4b4a-93e4-5f571e91255a",
"c60ef16d-7190-4b42-8f75-cc6fe135c985","8d3a7d3c-c034-4f19-a2ef-8412952a9671","Microsoft Office Licensing Service","Application","True","f8cdef31-a31e-4b4a-93e4-5f571e91255a",
"c69f988b-b7e7-4e97-93a7-8c0d28dfeb2f","98c8388a-4e86-424f-a176-d1288462816f","Recommended","Application","True","f8cdef31-a31e-4b4a-93e4-5f571e91255a",
"c745d9c1-17b5-4f21-b245-9aad772f7088","3570e63c-5acf-4f3f-9f15-a49faa5120d3","Power Apps Service Customer Management Plane Backend","Application","True","f8cdef31-a31e-4b4a-93e4-5f571e91255a",
"c7c8dc78-3280-4ead-920a-3b28dad3067a","dcad865d-9257-4521-ad4d-bae3e137b345","Microsoft SharePoint Online - SharePoint Home","Application","True","f8cdef31-a31e-4b4a-93e4-5f571e91255a",
"c833ca05-04a4-48dd-a331-c8860daca05c","e03a13ee-9730-4cae-8525-47559c8cf18a","Office Online Service","Application","True","f8cdef31-a31e-4b4a-93e4-5f571e91255a",
"c8692897-74da-4bdc-9279-cba06f263676","2a486b53-dbd2-49c0-a2bc-278bdfc30833","Cortana at Work Service","Application","True","f8cdef31-a31e-4b4a-93e4-5f571e91255a",
"c96bf503-588b-4309-863c-c3c5247d8c97","a57aca87-cbc0-4f3c-8b9e-dc095fdc8978","IAM Supportability","Application","True","f8cdef31-a31e-4b4a-93e4-5f571e91255a",
"ca01fda7-a411-4f7b-924b-213a0f2eaec1","9b4f8be3-2be4-4efa-ab57-6f3926f16e5b","PnP-Classical-Automation","Application","True","53598f56-182f-4762-bd05-4586973fb766",
"caf586c4-de4b-45eb-8ee6-81f0b820e905","fd8a5e95-fbeb-404a-b378-9c67231111a8","M365-Automation-App","Application","True","53598f56-182f-4762-bd05-4586973fb766",
"cc34cc18-3054-49b6-a6a1-3dd25dc7a4d1","b97b6bd4-a49f-4a0c-af18-af507d1da76c","Office Shredding Service","Application","True","f8cdef31-a31e-4b4a-93e4-5f571e91255a",
"ce60f353-fc61-4525-a87c-a07297115182","dc457883-bafe-4f8b-a333-29685e7eaa9e","PPE-DataResidencyService","Application","True","f8cdef31-a31e-4b4a-93e4-5f571e91255a",
"cf2a7005-7c88-4f79-8e5c-ddd680db720a","229c0a71-0789-4652-8054-3f547fcc66f0","Microsoft Threat Protection Bicep Extension","Application","True","f8cdef31-a31e-4b4a-93e4-5f571e91255a",
"d12d9cce-3232-49bb-b3e3-c4ae8733b5a1","86b4b4b4-db10-481c-876b-07447e7f204f","Groups Service","Application","True","f8cdef31-a31e-4b4a-93e4-5f571e91255a",
"d2e05915-ecdb-4d79-b2b2-19b37dfcde35","8c59ead7-d703-4a27-9e55-c96a0054c8d2","My Profile","Application","True","f8cdef31-a31e-4b4a-93e4-5f571e91255a",
"d54b4a4f-e294-423a-ad3b-8f8c7384d8e3","189cf920-d3d8-4133-9145-23adcc6824fa","IpLicensingService","Application","True","f8cdef31-a31e-4b4a-93e4-5f571e91255a",
"d7767011-a22f-4800-b1a4-099d7147ec2e","5e2795e3-ce8c-4cfb-b302-35fe5cd01597","Designer","Application","True","f8cdef31-a31e-4b4a-93e4-5f571e91255a",
"d89ea047-a727-4891-8064-84bd375bcc0e","6bc3b958-689b-49f5-9006-36d165f30e00","Teams CMD Services Artifacts","Application","True","f8cdef31-a31e-4b4a-93e4-5f571e91255a",
"da0960c8-2656-4858-a1b2-b59b97a8092a","eace8149-b661-472f-b40d-939f89085bd4","Substrate Instant Revocation Pipeline","Application","True","f8cdef31-a31e-4b4a-93e4-5f571e91255a",
"da3eb854-5a15-445f-870b-aaadd6e957fe","00000001-0000-0000-c000-000000000000","Azure ESTS Service","Application","True","f8cdef31-a31e-4b4a-93e4-5f571e91255a",
"dad4dce8-b76f-4883-a5d6-517241ab8bb3","b5a60e17-278b-4c92-a4e2-b9262e66bb28","Azure MFA StrongAuthenticationService","Application","True","f8cdef31-a31e-4b4a-93e4-5f571e91255a",
"dbc42b53-d6fc-4ba4-8eae-1b6eb7846f2e","b942aeaa-edcd-498b-b1de-f6eea31a962e","GraphPS","Application","True","53598f56-182f-4762-bd05-4586973fb766",
"dbd66814-3d60-4cee-a370-02e371cfe1b3","d360971a-94de-4558-b764-dfd218a8f5ce","Microsoft PrivateStore","Application","True","f8cdef31-a31e-4b4a-93e4-5f571e91255a",
"dd90dd35-0429-47d4-b860-f0a33fb24ca8","c2ada927-a9e2-4564-aae2-70775a2fa0af","OCaaS Client Interaction Service","Application","True","f8cdef31-a31e-4b4a-93e4-5f571e91255a",
"de4b65c8-856f-4984-8b45-536ccf09962d","d8c767ef-3e9a-48c4-aef9-562696539b39","Request Approvals Read Platform","Application","True","f8cdef31-a31e-4b4a-93e4-5f571e91255a",
"decfca04-ae63-490c-8dd4-59117f684c03","794ded15-70c6-4bcd-a0bb-9b7ad530a01a","Microsoft Intune Advanced Threat Protection Integration","Application","True","f8cdef31-a31e-4b4a-93e4-5f571e91255a",
"dfb1a6e1-e895-4b42-a915-800e07a6bafa","870c4f2e-85b6-4d43-bdda-6ed9a579b725","Microsoft Information Protection Sync Service","Application","True","f8cdef31-a31e-4b4a-93e4-5f571e91255a",
"e015746e-caff-4161-95bd-2aa8a1e69d55","167e2ded-f32d-49f5-8a10-308b921bc7ee","OCaaS Worker Services","Application","True","f8cdef31-a31e-4b4a-93e4-5f571e91255a",
"e0779b25-22fd-4efa-b2e1-2c0b75f2a5bc","257601fd-462f-4a21-b623-7f719f0f90f4","Centralized Deployment","Application","True","f8cdef31-a31e-4b4a-93e4-5f571e91255a",
"e1755d23-f09a-4c39-8bd3-1535efc4198e","09abbdfd-ed23-44ee-a2d9-a627aa1c90f3","ProjectWorkManagement","Application","True","f8cdef31-a31e-4b4a-93e4-5f571e91255a",
"e2a0a095-f563-4190-839f-0b22ee404606","797f4846-ba00-4fd7-ba43-dac1f8f63013","Azure Resource Manager","Application","True","f8cdef31-a31e-4b4a-93e4-5f571e91255a",
"e349ba75-a462-4d7b-9023-cba54a4367cd","f569b9c7-be15-4e87-86f7-87d30d02090b","O365 LinkedIn Connection","SocialIdp","True",,
"e3924882-4543-4b02-9315-9e06f4748106","00edd498-7c0c-4e68-859c-5a55d518c9c0","Teams Biometric Service","Application","True","f8cdef31-a31e-4b4a-93e4-5f571e91255a",
"e45cc894-c83a-41de-94f6-5f6667c2a7d9","944f0bd1-117b-4b1c-af26-804ed95e767e","Media Analysis and Transformation Service","Application","True","f8cdef31-a31e-4b4a-93e4-5f571e91255a",
"e5048bdf-69e0-4340-b081-473ca149a802","00000002-0000-0ff1-ce00-000000000000","Office 365 Exchange Online","Application","True","f8cdef31-a31e-4b4a-93e4-5f571e91255a",
"e5cda4b1-c7a9-447b-bae6-7af569c0f1b7","a5ce81bb-67c7-4043-952a-22004782adb5","Marketplace Catalog","Application","True","f8cdef31-a31e-4b4a-93e4-5f571e91255a",
"e705ca22-e79b-4314-81a0-dcb7925a44e6","71234da4-b92f-429d-b8ec-6e62652e50d7","Microsoft Customer Engagement Portal","Application","True","f8cdef31-a31e-4b4a-93e4-5f571e91255a",
"e8644771-fe26-4a91-b5cd-4bd53179ec51","c9a559d2-7aab-4f13-a6ed-e7e9c52aec87","Microsoft Forms","Application","True","f8cdef31-a31e-4b4a-93e4-5f571e91255a",
"e91d72af-f525-4168-954c-2be1c0eaca90","00000003-0000-0000-c000-000000000000","Microsoft Graph","Application","True","f8cdef31-a31e-4b4a-93e4-5f571e91255a",
"e9206757-f91a-4467-93c7-3aa388444ab9","18af356b-c4fd-4f52-9899-d09d21397ab7","Office365DirectorySynchronizationService","Application","True","f8cdef31-a31e-4b4a-93e4-5f571e91255a",
"e9d352e5-00e5-44a4-9611-7f76c2758aa7","00000004-0000-0ff1-ce00-000000000000","Skype for Business Online","Application","True","f8cdef31-a31e-4b4a-93e4-5f571e91255a",
"ea457dcc-a51e-4d29-bc33-682b70362a58","5a807f24-c9de-44ee-a3a7-329e88a00ffc","Messaging Bot API Application","Application","True","f8cdef31-a31e-4b4a-93e4-5f571e91255a",
"eb785df6-606f-4637-9188-32cd9f7cf650","81473081-50b9-469a-b9d8-303109583ecb","Cortana Runtime Service","Application","True","f8cdef31-a31e-4b4a-93e4-5f571e91255a",
"eeb9c07f-bd4d-47f0-8517-3673baeef373","789e8929-0390-42a2-8934-0f9dafb8ec89","Exchange Rbac","Application","True","f8cdef31-a31e-4b4a-93e4-5f571e91255a",
"f0e8bf71-e987-425e-b0bc-e22895aed216","509e4652-da8d-478d-a730-e9d4a1996ca4","Azure Resource Graph","Application","True","f8cdef31-a31e-4b4a-93e4-5f571e91255a",
"f1704c5b-5f12-4bf4-9060-f64a7b6de6fe","224a7b82-46c9-4d6b-8db0-7360fb444681","Microsoft Modern Contact Master","Application","True","f8cdef31-a31e-4b4a-93e4-5f571e91255a",
"f2def175-bc38-4e8e-8bd9-ae3c41bf3893","0af06dc6-e4b5-4f28-818e-e78e62d137a5","Windows 365","Application","True","f8cdef31-a31e-4b4a-93e4-5f571e91255a",
"f2e4e09a-a847-4cbe-9ac9-814bbbdaaf7c","37182072-3c9c-4f6a-a4b3-b3f91cacffce","AzureSupportCenter","Application","True","f8cdef31-a31e-4b4a-93e4-5f571e91255a",
"f316b370-b9fb-4021-bbbc-23fbd9e78b0b","a47591ab-e23e-4ffa-9e1b-809b9067e726","Microsoft Teams User Profile Search Service","Application","True","f8cdef31-a31e-4b4a-93e4-5f571e91255a",
"f34c211c-bd11-4443-9de1-d9090cb7e2ea","01fc33a7-78ba-4d2f-a4b7-768e336e890e","MS-PIM","Application","True","f8cdef31-a31e-4b4a-93e4-5f571e91255a",
"f449104c-9ad5-4375-988d-dd7a50ac06b8","00000003-0000-0ff1-ce00-000000000000","Office 365 SharePoint Online","Application","True","f8cdef31-a31e-4b4a-93e4-5f571e91255a",
"f4acff76-9674-4f24-9774-929c01597d26","394866fc-eedb-4f01-8536-3ff84b16be2a","Microsoft People Cards Service","Application","True","f8cdef31-a31e-4b4a-93e4-5f571e91255a",
"f6447d3d-4dc2-437d-9d40-56a099966549","a3dfc3c6-2c7d-4f42-aeec-b2877f9bce97","Microsoft Azure AD Identity Protection","Application","True","f8cdef31-a31e-4b4a-93e4-5f571e91255a",
"f831a7d5-8e05-4379-b1e7-a9ed4a24d092","c9224372-5534-42cb-a48b-8db4f4a3892e","MS Teams Griffin Assistant","Application","True","f8cdef31-a31e-4b4a-93e4-5f571e91255a",
"f84605cf-ebd9-4c65-a951-b0fe09255c78","2e49aa60-1bd3-43b6-8ab6-03ada3d9f08b","Dynamics Data Integration","Application","True","f8cdef31-a31e-4b4a-93e4-5f571e91255a",
"fb714b6e-b970-43d5-9f63-f84c3af4323c","934d626a-1ead-4a36-a77d-12ec63b87a0d","Microsoft Rights Management Services Default","Application","True","f8cdef31-a31e-4b4a-93e4-5f571e91255a",
"fbe63696-6858-453d-adeb-462dd0c6f8d4","810dcf14-1858-4bf2-8134-4c369fa3235b","Azure AD Identity Governance - Entitlement Management","Application","True","f8cdef31-a31e-4b4a-93e4-5f571e91255a",
"fc122fe4-53fe-4d76-9ea4-cdd31f5ebfc1","1f5530b3-261a-47a9-b357-ded261e17918","Azure Multi-Factor Auth Connector","Application","True","f8cdef31-a31e-4b4a-93e4-5f571e91255a",
"fc5973f3-dd64-464e-9976-a11beee1bd4f","c161e42e-d4df-4a3d-9b42-e7a3c31f59d4","Microsoft Intune API","Application","True","f8cdef31-a31e-4b4a-93e4-5f571e91255a",
"fc67b30f-ebe7-44c8-b25b-f1b2186d3c29","a164aee5-7d0a-46bb-9404-37421d58bdf7","Microsoft Teams AuthSvc","Application","True","f8cdef31-a31e-4b4a-93e4-5f571e91255a",
"fcd5d01e-b81c-40e7-90cc-60739395f8f8","b55b276d-2b09-4ad2-8de5-f09cf24ffba9","Microsoft Teams - Teams And Channels Service","Application","True","f8cdef31-a31e-4b4a-93e4-5f571e91255a",
"fddf2af7-6651-49a8-8616-393a7a45bd46","6a8b4b39-c021-437c-b060-5a14a3fd65f3","Verifiable Credentials Service Admin","Application","True","f8cdef31-a31e-4b4a-93e4-5f571e91255a",
"ff6a2caa-f60a-4a49-aa7c-27ae188b9786","51b5e278-ed7e-42c6-8787-7ff93e92f577","Narada Notification Service","Application","True","f8cdef31-a31e-4b4a-93e4-5f571e91255a",
