"FileName","RelativePath","FullPath","SizeBytes","LastWriteTime","SHA256"
"DC01-copy-log.txt","DC01-copy-log.txt","C:\Shares\IT\HomeLab-Evidence-Export-20260612-184743\DC01-copy-log.txt","1956","6/12/2026 6:48:59 PM","2EDBD8681340B032A38A7E6962EFD98F6025C5BC3BA1BC87ECA4777155057C4B"
"01-file-server-feature.txt","DC01-Evidence\DC01-File-Services-IT-Share-20260612-154549\01-file-server-feature.txt","C:\Shares\IT\HomeLab-Evidence-Export-20260612-184743\DC01-Evidence\DC01-File-Services-IT-Share-20260612-154549\01-file-server-feature.txt","524","6/12/2026 3:45:56 PM","0AEA8377BB19B70FBB101DCFF33FB68FCC7D8239553ECDBB733E0433E15D87F2"
"03-rw-group-members.txt","DC01-Evidence\DC01-File-Services-IT-Share-20260612-154549\03-rw-group-members.txt","C:\Shares\IT\HomeLab-Evidence-Export-20260612-184743\DC01-Evidence\DC01-File-Services-IT-Share-20260612-154549\03-rw-group-members.txt","290","6/12/2026 3:45:58 PM","C4C42CCD84267DDE6D1A0F81A52D48C55A984F45DD2F12E076CC8233935B02F0"
"04-ro-group-members.txt","DC01-Evidence\DC01-File-Services-IT-Share-20260612-154549\04-ro-group-members.txt","C:\Shares\IT\HomeLab-Evidence-Export-20260612-184743\DC01-Evidence\DC01-File-Services-IT-Share-20260612-154549\04-ro-group-members.txt","266","6/12/2026 3:45:58 PM","18D3238C02ECBBBD9BD7A430F756FBA64960D72EDE8A9210F97458B67B6F3542"
"05-ntfs-permissions-config.txt","DC01-Evidence\DC01-File-Services-IT-Share-20260612-154549\05-ntfs-permissions-config.txt","C:\Shares\IT\HomeLab-Evidence-Export-20260612-184743\DC01-Evidence\DC01-File-Services-IT-Share-20260612-154549\05-ntfs-permissions-config.txt","536","6/12/2026 3:45:59 PM","60F8D3CBCBACCBD8085DF27D2E2A8F11DFF3A90917888B45C1BDFBDAB1F9A901"
"06-smb-share-created.txt","DC01-Evidence\DC01-File-Services-IT-Share-20260612-154549\06-smb-share-created.txt","C:\Shares\IT\HomeLab-Evidence-Export-20260612-184743\DC01-Evidence\DC01-File-Services-IT-Share-20260612-154549\06-smb-share-created.txt","458","6/12/2026 3:46:05 PM","E8B94BC7EC5C3A2ADE08D92785838A5EC695BAE68593DAE5B2B4765BD4EEB1E8"
"07-smb-share-validation.txt","DC01-Evidence\DC01-File-Services-IT-Share-20260612-154549\07-smb-share-validation.txt","C:\Shares\IT\HomeLab-Evidence-Export-20260612-184743\DC01-Evidence\DC01-File-Services-IT-Share-20260612-154549\07-smb-share-validation.txt","434","6/12/2026 3:46:05 PM","945966948E3368640068E34C933E29036DBC72183FC16DAE951108A288DA7494"
"08-smb-share-access.txt","DC01-Evidence\DC01-File-Services-IT-Share-20260612-154549\08-smb-share-access.txt","C:\Shares\IT\HomeLab-Evidence-Export-20260612-184743\DC01-Evidence\DC01-File-Services-IT-Share-20260612-154549\08-smb-share-access.txt","704","6/12/2026 3:46:06 PM","D551D79CAB2087A20AAED4F10AF812668E3F56C16E8C5A40384BBA8803B26018"
"09-ntfs-acl-validation.txt","DC01-Evidence\DC01-File-Services-IT-Share-20260612-154549\09-ntfs-acl-validation.txt","C:\Shares\IT\HomeLab-Evidence-Export-20260612-184743\DC01-Evidence\DC01-File-Services-IT-Share-20260612-154549\09-ntfs-acl-validation.txt","314","6/12/2026 3:46:06 PM","9097AD979722A0A3944E9E80654863125ED8F5E5AD917B5B2622BD3C8C64E400"
"10-unc-path-test.txt","DC01-Evidence\DC01-File-Services-IT-Share-20260612-154549\10-unc-path-test.txt","C:\Shares\IT\HomeLab-Evidence-Export-20260612-184743\DC01-Evidence\DC01-File-Services-IT-Share-20260612-154549\10-unc-path-test.txt","14","6/12/2026 3:46:06 PM","90E9FFE6C9B6BFEC644E69469136B47B11D8FC98A91CB2E2CC45551BCBBD33A2"
"11-unc-folder-listing.txt","DC01-Evidence\DC01-File-Services-IT-Share-20260612-154549\11-unc-folder-listing.txt","C:\Shares\IT\HomeLab-Evidence-Export-20260612-184743\DC01-Evidence\DC01-File-Services-IT-Share-20260612-154549\11-unc-folder-listing.txt","308","6/12/2026 3:46:06 PM","886393B093D89E514E5D6181167AB5F82DC5D27619FBC3B9AD8AA27595F34FDA"
"12-validation-summary.txt","DC01-Evidence\DC01-File-Services-IT-Share-20260612-154549\12-validation-summary.txt","C:\Shares\IT\HomeLab-Evidence-Export-20260612-184743\DC01-Evidence\DC01-File-Services-IT-Share-20260612-154549\12-validation-summary.txt","1004","6/12/2026 3:46:07 PM","E21ED03CC92A7F2191955D0C29402B4D8CCA1154DF760E6A0C91F0A65423BAE8"
"13-evidence-file-list.txt","DC01-Evidence\DC01-File-Services-IT-Share-20260612-154549\13-evidence-file-list.txt","C:\Shares\IT\HomeLab-Evidence-Export-20260612-184743\DC01-Evidence\DC01-File-Services-IT-Share-20260612-154549\13-evidence-file-list.txt","1574","6/12/2026 3:46:07 PM","09B4C57CD0AD1D05CB78A00EA6D4BFF4430FFA64B3F67561E8196C21C82D94F0"
"01-ad-groups.txt","DC01-Evidence\DC01-File-Services-IT-Share-NTFS-Fix-20260612-154755\01-ad-groups.txt","C:\Shares\IT\HomeLab-Evidence-Export-20260612-184743\DC01-Evidence\DC01-File-Services-IT-Share-NTFS-Fix-20260612-154755\01-ad-groups.txt","1202","6/12/2026 3:47:57 PM","3780539154DDE637C0296E025DEF2A44B808762716F6E26C089F5F6BCBC605F8"
"02-group-members.txt","DC01-Evidence\DC01-File-Services-IT-Share-NTFS-Fix-20260612-154755\02-group-members.txt","C:\Shares\IT\HomeLab-Evidence-Export-20260612-184743\DC01-Evidence\DC01-File-Services-IT-Share-NTFS-Fix-20260612-154755\02-group-members.txt","1596","6/12/2026 3:47:58 PM","BBA720F8ADBD96B30CE9F728F1D4AD22612D74AA45187FB933F9EE36DDC66CD9"
"03-ntfs-fix-commands.txt","DC01-Evidence\DC01-File-Services-IT-Share-NTFS-Fix-20260612-154755\03-ntfs-fix-commands.txt","C:\Shares\IT\HomeLab-Evidence-Export-20260612-184743\DC01-Evidence\DC01-File-Services-IT-Share-NTFS-Fix-20260612-154755\03-ntfs-fix-commands.txt","358","6/12/2026 3:47:58 PM","6D1C04ED090E4F9AF06F624A0A212DB37D9C725DF843865F7727A405611AFCBF"
"04-smb-share-access.txt","DC01-Evidence\DC01-File-Services-IT-Share-NTFS-Fix-20260612-154755\04-smb-share-access.txt","C:\Shares\IT\HomeLab-Evidence-Export-20260612-184743\DC01-Evidence\DC01-File-Services-IT-Share-NTFS-Fix-20260612-154755\04-smb-share-access.txt","704","6/12/2026 3:47:58 PM","D551D79CAB2087A20AAED4F10AF812668E3F56C16E8C5A40384BBA8803B26018"
"05-corrected-ntfs-acl.txt","DC01-Evidence\DC01-File-Services-IT-Share-NTFS-Fix-20260612-154755\05-corrected-ntfs-acl.txt","C:\Shares\IT\HomeLab-Evidence-Export-20260612-184743\DC01-Evidence\DC01-File-Services-IT-Share-NTFS-Fix-20260612-154755\05-corrected-ntfs-acl.txt","488","6/12/2026 3:47:59 PM","A243EE42AC5FEC41AC3C99ED9A861B3C91D1743C66C1F6ADBF3D634CB9B1C155"
"06-validation-summary.txt","DC01-Evidence\DC01-File-Services-IT-Share-NTFS-Fix-20260612-154755\06-validation-summary.txt","C:\Shares\IT\HomeLab-Evidence-Export-20260612-184743\DC01-Evidence\DC01-File-Services-IT-Share-NTFS-Fix-20260612-154755\06-validation-summary.txt","594","6/12/2026 3:48:00 PM","BC0F03EB3E1F198019C5182CCA0A5E6BD5878EAEF05C2A211061FA1ABFA6442D"
"07-evidence-file-list.txt","DC01-Evidence\DC01-File-Services-IT-Share-NTFS-Fix-20260612-154755\07-evidence-file-list.txt","C:\Shares\IT\HomeLab-Evidence-Export-20260612-184743\DC01-Evidence\DC01-File-Services-IT-Share-NTFS-Fix-20260612-154755\07-evidence-file-list.txt","894","6/12/2026 3:48:00 PM","334634F11C2CC1A9BD986575DE90B800496FF9315ED5C8908127F418DBDE4302"
"01-gpo-metadata.txt","DC01-Evidence\DC01-GPO-IT-Drive-Map-20260612-180844\01-gpo-metadata.txt","C:\Shares\IT\HomeLab-Evidence-Export-20260612-184743\DC01-Evidence\DC01-GPO-IT-Drive-Map-20260612-180844\01-gpo-metadata.txt","562","6/12/2026 6:08:47 PM","6FF9E52E2122762BB25AD0EE184B2C093E46ECEE1F25AC279AAD2E38948A7F3D"
"02-users-ou-gpinheritance.txt","DC01-Evidence\DC01-GPO-IT-Drive-Map-20260612-180844\02-users-ou-gpinheritance.txt","C:\Shares\IT\HomeLab-Evidence-Export-20260612-184743\DC01-Evidence\DC01-GPO-IT-Drive-Map-20260612-180844\02-users-ou-gpinheritance.txt","842","6/12/2026 6:08:48 PM","DCFA45B47B4428C0ADCA6FE763E05B0B04009BD0101191D99956B059F487F260"
"03-gpo-registry-drive-map-setting.txt","DC01-Evidence\DC01-GPO-IT-Drive-Map-20260612-180844\03-gpo-registry-drive-map-setting.txt","C:\Shares\IT\HomeLab-Evidence-Export-20260612-184743\DC01-Evidence\DC01-GPO-IT-Drive-Map-20260612-180844\03-gpo-registry-drive-map-setting.txt","1070","6/12/2026 6:08:49 PM","15C971E930378C787244A1D79076C84FF77CF9BB10231E8171B7724CDE5FF819"
"04-it-share-access.txt","DC01-Evidence\DC01-GPO-IT-Drive-Map-20260612-180844\04-it-share-access.txt","C:\Shares\IT\HomeLab-Evidence-Export-20260612-184743\DC01-Evidence\DC01-GPO-IT-Drive-Map-20260612-180844\04-it-share-access.txt","704","6/12/2026 6:08:49 PM","D551D79CAB2087A20AAED4F10AF812668E3F56C16E8C5A40384BBA8803B26018"
"05-it-share-ntfs-acl.txt","DC01-Evidence\DC01-GPO-IT-Drive-Map-20260612-180844\05-it-share-ntfs-acl.txt","C:\Shares\IT\HomeLab-Evidence-Export-20260612-184743\DC01-Evidence\DC01-GPO-IT-Drive-Map-20260612-180844\05-it-share-ntfs-acl.txt","488","6/12/2026 6:08:50 PM","A243EE42AC5FEC41AC3C99ED9A861B3C91D1743C66C1F6ADBF3D634CB9B1C155"
"06-gpo-report.html","DC01-Evidence\DC01-GPO-IT-Drive-Map-20260612-180844\06-gpo-report.html","C:\Shares\IT\HomeLab-Evidence-Export-20260612-184743\DC01-Evidence\DC01-GPO-IT-Drive-Map-20260612-180844\06-gpo-report.html","143004","6/12/2026 6:08:51 PM","7634675C581CBED2F3929BF835D3180AF58BE0500A1503741350A397450BAC62"
"07-gpo-report.xml","DC01-Evidence\DC01-GPO-IT-Drive-Map-20260612-180844\07-gpo-report.xml","C:\Shares\IT\HomeLab-Evidence-Export-20260612-184743\DC01-Evidence\DC01-GPO-IT-Drive-Map-20260612-180844\07-gpo-report.xml","16034","6/12/2026 6:08:51 PM","495E01354764D496B9CE815D9DD834D4F3070928E660CCC6D707446805EF26B1"
"08-gpo-report-file-validation.txt","DC01-Evidence\DC01-GPO-IT-Drive-Map-20260612-180844\08-gpo-report-file-validation.txt","C:\Shares\IT\HomeLab-Evidence-Export-20260612-184743\DC01-Evidence\DC01-GPO-IT-Drive-Map-20260612-180844\08-gpo-report-file-validation.txt","398","6/12/2026 6:08:51 PM","02F0D1700039FB4391A07A9AA3A0857438E586ACAF794B8F590EEA24C826B866"
"09-validation-summary.txt","DC01-Evidence\DC01-GPO-IT-Drive-Map-20260612-180844\09-validation-summary.txt","C:\Shares\IT\HomeLab-Evidence-Export-20260612-184743\DC01-Evidence\DC01-GPO-IT-Drive-Map-20260612-180844\09-validation-summary.txt","1288","6/12/2026 6:08:51 PM","4A94C477A300EFA2F453B2B1414DB35553B8D028542EC1E1E496C57868E70297"
"10-evidence-file-list.txt","DC01-Evidence\DC01-GPO-IT-Drive-Map-20260612-180844\10-evidence-file-list.txt","C:\Shares\IT\HomeLab-Evidence-Export-20260612-184743\DC01-Evidence\DC01-GPO-IT-Drive-Map-20260612-180844\10-evidence-file-list.txt","1488","6/12/2026 6:08:52 PM","BF65B24D301E841BCE56DC2F19692928324AECF7927273E0A097142FC2AEB4B8"
"01-hostname.txt","DC01-Evidence\DC01-Monitoring-Logging-Evidence-20260612-194849\01-hostname.txt","C:\Shares\IT\HomeLab-Evidence-Export-20260612-184743\DC01-Evidence\DC01-Monitoring-Logging-Evidence-20260612-194849\01-hostname.txt","14","6/12/2026 7:48:50 PM","03238284990C12E9F1E4F498F55895B51732C259C70776F3A8830684189885B7"
"02-whoami.txt","DC01-Evidence\DC01-Monitoring-Logging-Evidence-20260612-194849\02-whoami.txt","C:\Shares\IT\HomeLab-Evidence-Export-20260612-184743\DC01-Evidence\DC01-Monitoring-Logging-Evidence-20260612-194849\02-whoami.txt","42","6/12/2026 7:48:51 PM","A175D208925BEE9F5D1ABC36A2C68E175DCB05B695BE180F05ACC93F0A0EA093"
"03-os-uptime.txt","DC01-Evidence\DC01-Monitoring-Logging-Evidence-20260612-194849\03-os-uptime.txt","C:\Shares\IT\HomeLab-Evidence-Export-20260612-184743\DC01-Evidence\DC01-Monitoring-Logging-Evidence-20260612-194849\03-os-uptime.txt","422","6/12/2026 7:48:53 PM","1248C7FA1384AFDEB27662207464FF7EEE22C8FD347EC9FDE1A01DEC950AAC0E"
"04-dcdiag-basic-health.txt","DC01-Evidence\DC01-Monitoring-Logging-Evidence-20260612-194849\04-dcdiag-basic-health.txt","C:\Shares\IT\HomeLab-Evidence-Export-20260612-184743\DC01-Evidence\DC01-Monitoring-Logging-Evidence-20260612-194849\04-dcdiag-basic-health.txt","22802","6/12/2026 7:49:17 PM","24B712C2BAF2B90B948687CD0EFD35F2C003D8A0449006689FAB456DD25F8164"
"05-dns-service.txt","DC01-Evidence\DC01-Monitoring-Logging-Evidence-20260612-194849\05-dns-service.txt","C:\Shares\IT\HomeLab-Evidence-Export-20260612-184743\DC01-Evidence\DC01-Monitoring-Logging-Evidence-20260612-194849\05-dns-service.txt","158","6/12/2026 7:49:17 PM","45838D00B3E02CB5715ED20EB7329405811FDD65B3AC05DBB57337C991E84AAF"
"06-dns-resolution-ws01.txt","DC01-Evidence\DC01-Monitoring-Logging-Evidence-20260612-194849\06-dns-resolution-ws01.txt","C:\Shares\IT\HomeLab-Evidence-Export-20260612-184743\DC01-Evidence\DC01-Monitoring-Logging-Evidence-20260612-194849\06-dns-resolution-ws01.txt","698","6/12/2026 7:49:19 PM","76D67BB647CBBC41EC805C1A5821DCD42A1E81745132DC52FA44B385764F7F47"
"07-dhcp-service.txt","DC01-Evidence\DC01-Monitoring-Logging-Evidence-20260612-194849\07-dhcp-service.txt","C:\Shares\IT\HomeLab-Evidence-Export-20260612-184743\DC01-Evidence\DC01-Monitoring-Logging-Evidence-20260612-194849\07-dhcp-service.txt","194","6/12/2026 7:49:19 PM","B8A5A2CB1A0F864EE6F4194D2FBC6AC95C5F39493B2E0EC7A4B4F123D6D69075"
"08-dhcp-scopes.txt","DC01-Evidence\DC01-Monitoring-Logging-Evidence-20260612-194849\08-dhcp-scopes.txt","C:\Shares\IT\HomeLab-Evidence-Export-20260612-184743\DC01-Evidence\DC01-Monitoring-Logging-Evidence-20260612-194849\08-dhcp-scopes.txt","740","6/12/2026 7:49:27 PM","2144EF0143203950C4E557065D3DE8894F362E4A65340EE4CBE10A6FE83BF39A"
"09-dhcp-leases.txt","DC01-Evidence\DC01-Monitoring-Logging-Evidence-20260612-194849\09-dhcp-leases.txt","C:\Shares\IT\HomeLab-Evidence-Export-20260612-184743\DC01-Evidence\DC01-Monitoring-Logging-Evidence-20260612-194849\09-dhcp-leases.txt","390","6/12/2026 7:49:28 PM","8A5F8FA319BA2EB7A001E549E89832B2CFBC08F5630D2F567977B454395F414A"
"10-smb-shares.txt","DC01-Evidence\DC01-Monitoring-Logging-Evidence-20260612-194849\10-smb-shares.txt","C:\Shares\IT\HomeLab-Evidence-Export-20260612-184743\DC01-Evidence\DC01-Monitoring-Logging-Evidence-20260612-194849\10-smb-shares.txt","1950","6/12/2026 7:49:28 PM","DB532AD1D0824BD10570029D29E57B418B7F75855C7937D40E1B68C4E785807D"
"11-it-share-access.txt","DC01-Evidence\DC01-Monitoring-Logging-Evidence-20260612-194849\11-it-share-access.txt","C:\Shares\IT\HomeLab-Evidence-Export-20260612-184743\DC01-Evidence\DC01-Monitoring-Logging-Evidence-20260612-194849\11-it-share-access.txt","704","6/12/2026 7:49:28 PM","D551D79CAB2087A20AAED4F10AF812668E3F56C16E8C5A40384BBA8803B26018"
"12-it-share-ntfs-acl.txt","DC01-Evidence\DC01-Monitoring-Logging-Evidence-20260612-194849\12-it-share-ntfs-acl.txt","C:\Shares\IT\HomeLab-Evidence-Export-20260612-184743\DC01-Evidence\DC01-Monitoring-Logging-Evidence-20260612-194849\12-it-share-ntfs-acl.txt","488","6/12/2026 7:49:29 PM","A243EE42AC5FEC41AC3C99ED9A861B3C91D1743C66C1F6ADBF3D634CB9B1C155"
"13-audit-policy.txt","DC01-Evidence\DC01-Monitoring-Logging-Evidence-20260612-194849\13-audit-policy.txt","C:\Shares\IT\HomeLab-Evidence-Export-20260612-184743\DC01-Evidence\DC01-Monitoring-Logging-Evidence-20260612-194849\13-audit-policy.txt","7366","6/12/2026 7:49:29 PM","99ECD4D16F95F8B21F5D576C1BDAFDF692DA08DE789A20255EAF2539CDB56E40"
"14-security-events-last-24h.txt","DC01-Evidence\DC01-Monitoring-Logging-Evidence-20260612-194849\14-security-events-last-24h.txt","C:\Shares\IT\HomeLab-Evidence-Export-20260612-184743\DC01-Evidence\DC01-Monitoring-Logging-Evidence-20260612-194849\14-security-events-last-24h.txt","206366","6/12/2026 7:49:38 PM","5D71ED13167A7E70CBEF41C1B3EDB43B368E589E8C66AD09C799E13998ADF413"
"15-powershell-logging-policy-registry.txt","DC01-Evidence\DC01-Monitoring-Logging-Evidence-20260612-194849\15-powershell-logging-policy-registry.txt","C:\Shares\IT\HomeLab-Evidence-Export-20260612-184743\DC01-Evidence\DC01-Monitoring-Logging-Evidence-20260612-194849\15-powershell-logging-policy-registry.txt","2606","6/12/2026 7:49:39 PM","CE40D59C7E6A46F2B230BE285891BA08999E72D500F8BD92A786B12890F27FED"
"16-powershell-operational-events.txt","DC01-Evidence\DC01-Monitoring-Logging-Evidence-20260612-194849\16-powershell-operational-events.txt","C:\Shares\IT\HomeLab-Evidence-Export-20260612-184743\DC01-Evidence\DC01-Monitoring-Logging-Evidence-20260612-194849\16-powershell-operational-events.txt","181468","6/12/2026 7:49:44 PM","C278E40871BBDECE6E99A19EF4A92E563B9E2C189496A0977F939D9A07FFEFE9"
"17-group-policy-operational-events.txt","DC01-Evidence\DC01-Monitoring-Logging-Evidence-20260612-194849\17-group-policy-operational-events.txt","C:\Shares\IT\HomeLab-Evidence-Export-20260612-184743\DC01-Evidence\DC01-Monitoring-Logging-Evidence-20260612-194849\17-group-policy-operational-events.txt","31572","6/12/2026 7:49:45 PM","51101E4EB020BC3389CCEDF244CBC60DD3AD1AC6BEC807A93AAD83E15555B62C"
"18-system-errors-warnings-last-24h.txt","DC01-Evidence\DC01-Monitoring-Logging-Evidence-20260612-194849\18-system-errors-warnings-last-24h.txt","C:\Shares\IT\HomeLab-Evidence-Export-20260612-184743\DC01-Evidence\DC01-Monitoring-Logging-Evidence-20260612-194849\18-system-errors-warnings-last-24h.txt","7854","6/12/2026 7:49:46 PM","02BEAC2C4D4E2788A98509B21663D8D22DD6B2B8795D2A83D23B89749CFB92D8"
"19-validation-summary.txt","DC01-Evidence\DC01-Monitoring-Logging-Evidence-20260612-194849\19-validation-summary.txt","C:\Shares\IT\HomeLab-Evidence-Export-20260612-184743\DC01-Evidence\DC01-Monitoring-Logging-Evidence-20260612-194849\19-validation-summary.txt","1294","6/12/2026 7:49:46 PM","A74E4C85A8F44AF958B5D7780760F8DD2651E4CEF482502F6E6A44B7A3C8CFC0"
"20-evidence-file-list.txt","DC01-Evidence\DC01-Monitoring-Logging-Evidence-20260612-194849\20-evidence-file-list.txt","C:\Shares\IT\HomeLab-Evidence-Export-20260612-184743\DC01-Evidence\DC01-Monitoring-Logging-Evidence-20260612-194849\20-evidence-file-list.txt","2996","6/12/2026 7:49:46 PM","1144EDABD435D69A861C2FEACE749D3ED6A695350F20963A9D47397A44852C18"
"01-w32tm-status-before.txt","DC01-Evidence\DC01-Time-Service-Fix-20260612-195240\01-w32tm-status-before.txt","C:\Shares\IT\HomeLab-Evidence-Export-20260612-184743\DC01-Evidence\DC01-Time-Service-Fix-20260612-195240\01-w32tm-status-before.txt","674","6/12/2026 7:52:41 PM","F69F0C42F1000326D9858B90E6BB81C15A08A2E13B7636D02803AC09E063ADED"
"02-w32tm-source-before.txt","DC01-Evidence\DC01-Time-Service-Fix-20260612-195240\02-w32tm-source-before.txt","C:\Shares\IT\HomeLab-Evidence-Export-20260612-184743\DC01-Evidence\DC01-Time-Service-Fix-20260612-195240\02-w32tm-source-before.txt","56","6/12/2026 7:52:42 PM","BBEAFF620247EFEEC314DBC54FB7F5C53DB814F6DFD6E1A96BC58A0BD7A4F788"
"03-w32tm-configure.txt","DC01-Evidence\DC01-Time-Service-Fix-20260612-195240\03-w32tm-configure.txt","C:\Shares\IT\HomeLab-Evidence-Export-20260612-184743\DC01-Evidence\DC01-Time-Service-Fix-20260612-195240\03-w32tm-configure.txt","76","6/12/2026 7:52:42 PM","E7E0EB393DA2F47AD8CA87191D58E718D5CA5455501F7A69940B2F9865238257"
"04-w32time-service.txt","DC01-Evidence\DC01-Time-Service-Fix-20260612-195240\04-w32time-service.txt","C:\Shares\IT\HomeLab-Evidence-Export-20260612-184743\DC01-Evidence\DC01-Time-Service-Fix-20260612-195240\04-w32time-service.txt","176","6/12/2026 7:52:48 PM","E20BBF504C96343D21D9176149730FB272D553A1BD3F7313D6B86E4DDE7B45C8"
"05-w32tm-resync.txt","DC01-Evidence\DC01-Time-Service-Fix-20260612-195240\05-w32tm-resync.txt","C:\Shares\IT\HomeLab-Evidence-Export-20260612-184743\DC01-Evidence\DC01-Time-Service-Fix-20260612-195240\05-w32tm-resync.txt","216","6/12/2026 5:52:59 PM","374A5205EE266575BC6D33BF3494F090D186A7B468B24876056423C45628F79C"
"06-w32tm-status-after.txt","DC01-Evidence\DC01-Time-Service-Fix-20260612-195240\06-w32tm-status-after.txt","C:\Shares\IT\HomeLab-Evidence-Export-20260612-184743\DC01-Evidence\DC01-Time-Service-Fix-20260612-195240\06-w32tm-status-after.txt","662","6/12/2026 5:53:10 PM","133EE66D509C49E2E789891C5F3B517A115865FF5317840DAD19E3276F9B4213"
"07-w32tm-source-after.txt","DC01-Evidence\DC01-Time-Service-Fix-20260612-195240\07-w32tm-source-after.txt","C:\Shares\IT\HomeLab-Evidence-Export-20260612-184743\DC01-Evidence\DC01-Time-Service-Fix-20260612-195240\07-w32tm-source-after.txt","40","6/12/2026 5:53:10 PM","472682936D65E50AF71D2047F1FF7C7666B555B72284DC0E159A9FD80BE85EFF"
"08-w32tm-peers.txt","DC01-Evidence\DC01-Time-Service-Fix-20260612-195240\08-w32tm-peers.txt","C:\Shares\IT\HomeLab-Evidence-Export-20260612-184743\DC01-Evidence\DC01-Time-Service-Fix-20260612-195240\08-w32tm-peers.txt","816","6/12/2026 5:53:10 PM","EDF220BD3C349EAACD80CBF8C800FA766EA4694455E8821686D45CC722EC9040"
"09-time-service-events.txt","DC01-Evidence\DC01-Time-Service-Fix-20260612-195240\09-time-service-events.txt","C:\Shares\IT\HomeLab-Evidence-Export-20260612-184743\DC01-Evidence\DC01-Time-Service-Fix-20260612-195240\09-time-service-events.txt","5666","6/12/2026 5:53:11 PM","75484FAB3AE1B7285FCA5C6C47DE4D9AC2614D79ED474BB71B4482FEC32B1C65"
"10-validation-summary.txt","DC01-Evidence\DC01-Time-Service-Fix-20260612-195240\10-validation-summary.txt","C:\Shares\IT\HomeLab-Evidence-Export-20260612-184743\DC01-Evidence\DC01-Time-Service-Fix-20260612-195240\10-validation-summary.txt","762","6/12/2026 5:53:11 PM","B9FBEF9D9B3AD322350507E8DF4487BB6E3C345599F6715F0E211B99366C768D"
"11-evidence-file-list.txt","DC01-Evidence\DC01-Time-Service-Fix-20260612-195240\11-evidence-file-list.txt","C:\Shares\IT\HomeLab-Evidence-Export-20260612-184743\DC01-Evidence\DC01-Time-Service-Fix-20260612-195240\11-evidence-file-list.txt","1358","6/12/2026 5:53:11 PM","B2C77F65F5DCCC47547CD2B3742BE19BCFD5C7E85D2B2018858E2D45445022F0"
"DC01-export-file-count.txt","DC01-export-file-count.txt","C:\Shares\IT\HomeLab-Evidence-Export-20260612-184743\DC01-export-file-count.txt","182","6/12/2026 6:49:00 PM","C42BBA33801275C9ADAC39552570A0F65FA4574A86FF5A49DE72025BF993EA6C"
"DC01-export-folder-validation.txt","DC01-export-folder-validation.txt","C:\Shares\IT\HomeLab-Evidence-Export-20260612-184743\DC01-export-folder-validation.txt","1708","6/12/2026 6:49:00 PM","74EA31C623FCBC12EC2008D373B98272F743D6BA616F402701C1D224BA2B4879"
"HomeLab-Evidence-Manifest.csv","HomeLab-Evidence-Manifest.csv","C:\Shares\IT\HomeLab-Evidence-Export-20260612-184743\HomeLab-Evidence-Manifest.csv","38827","6/12/2026 6:54:32 PM","063C8AA002B9FB7B2ED81E372A0EE003032E3144BE4C65B788CBC2E883C12FC9"
"HomeLab-Evidence-Manifest-Summary.txt","HomeLab-Evidence-Manifest-Summary.txt","C:\Shares\IT\HomeLab-Evidence-Export-20260612-184743\HomeLab-Evidence-Manifest-Summary.txt","384","6/12/2026 6:54:33 PM","B4CB62D6BBFBE661BAE544ADD28C11540AA26BD909587944574F9E04FF65756E"
"Proxmox-archive-download-validation.txt","Proxmox-archive-download-validation.txt","C:\Shares\IT\HomeLab-Evidence-Export-20260612-184743\Proxmox-archive-download-validation.txt","1224","6/12/2026 6:59:15 PM","3961BEA5AD94D53B4CD8725C355A02A5F99816E2FA0BD4E2B43EF5C267E0B131"
"proxmox-evidence-export-20260612-205809.tar.gz","Proxmox-Evidence\proxmox-evidence-export-20260612-205809.tar.gz","C:\Shares\IT\HomeLab-Evidence-Export-20260612-184743\Proxmox-Evidence\proxmox-evidence-export-20260612-205809.tar.gz","9175","6/12/2026 6:59:14 PM","2B3530643BFC6CA0AE26625D1708E98808D8EF617702B58379AF54FAF4CEF671"
"dc01-file-services-it-share-validation-20260612-175940.md","Proxmox-Evidence\proxmox-evidence-export-20260612-205809\dc01-file-services-it-share-validation-20260612-175940.md","C:\Shares\IT\HomeLab-Evidence-Export-20260612-184743\Proxmox-Evidence\proxmox-evidence-export-20260612-205809\dc01-file-services-it-share-validation-20260612-175940.md","1308","6/12/2026 6:58:09 PM","BF4B8C5DD1B87149BA0F37B45A30DDFDC10519B2512B6CFBE736F0D6B350128B"
"dc01-time-service-fix-backup-retry-20260612-195524.txt","Proxmox-Evidence\proxmox-evidence-export-20260612-205809\dc01-time-service-fix-backup-retry-20260612-195524.txt","C:\Shares\IT\HomeLab-Evidence-Export-20260612-184743\Proxmox-Evidence\proxmox-evidence-export-20260612-205809\dc01-time-service-fix-backup-retry-20260612-195524.txt","5917","6/12/2026 6:58:09 PM","E9F947BBBF1A094CEC71B29791496714D313A8EAD172473E1E906DAAE52CBFE1"
"file-services-gpo-drive-map-phase-complete-20260612-204514.md","Proxmox-Evidence\proxmox-evidence-export-20260612-205809\file-services-gpo-drive-map-phase-complete-20260612-204514.md","C:\Shares\IT\HomeLab-Evidence-Export-20260612-184743\Proxmox-Evidence\proxmox-evidence-export-20260612-205809\file-services-gpo-drive-map-phase-complete-20260612-204514.md","2517","6/12/2026 6:58:09 PM","32B23F0E2C445740C01213D3F50088BE1F1028C2462126B390EC3D3E0D68867F"
"gpo-it-drive-map-final-backup-20260612-202944.txt","Proxmox-Evidence\proxmox-evidence-export-20260612-205809\gpo-it-drive-map-final-backup-20260612-202944.txt","C:\Shares\IT\HomeLab-Evidence-Export-20260612-184743\Proxmox-Evidence\proxmox-evidence-export-20260612-205809\gpo-it-drive-map-final-backup-20260612-202944.txt","11422","6/12/2026 6:58:09 PM","93DA78599076555F4F534458A6A481262D7C383B8BAB1B4349250686FA4EAD90"
"post-fileservices-backup-validation-20260612-180206.txt","Proxmox-Evidence\proxmox-evidence-export-20260612-205809\post-fileservices-backup-validation-20260612-180206.txt","C:\Shares\IT\HomeLab-Evidence-Export-20260612-184743\Proxmox-Evidence\proxmox-evidence-export-20260612-205809\post-fileservices-backup-validation-20260612-180206.txt","10736","6/12/2026 6:58:09 PM","CAAC8A9420938EC6BBC962CB4BB4642A035EFFF0997CCF44DCB96526184552E2"
"proxmox-storage-thinpool-validation-20260612-180054.txt","Proxmox-Evidence\proxmox-evidence-export-20260612-205809\proxmox-storage-thinpool-validation-20260612-180054.txt","C:\Shares\IT\HomeLab-Evidence-Export-20260612-184743\Proxmox-Evidence\proxmox-evidence-export-20260612-205809\proxmox-storage-thinpool-validation-20260612-180054.txt","6651","6/12/2026 6:58:09 PM","8CBC9158BBD8EAC95BB221A14A0552611A763EC355B8BB35CEBCEBF0FD220BC7"
"ws01-clean-post-reboot-backup-20260612-194236.txt","Proxmox-Evidence\proxmox-evidence-export-20260612-205809\ws01-clean-post-reboot-backup-20260612-194236.txt","C:\Shares\IT\HomeLab-Evidence-Export-20260612-184743\Proxmox-Evidence\proxmox-evidence-export-20260612-205809\ws01-clean-post-reboot-backup-20260612-194236.txt","5963","6/12/2026 6:58:09 PM","1F181E7C7BE6DD6E112A58E83D6D68A4F5F110A104701BFC66F0E367CB20FBCD"
"Proxmox-export-file-count.txt","Proxmox-export-file-count.txt","C:\Shares\IT\HomeLab-Evidence-Export-20260612-184743\Proxmox-export-file-count.txt","180","6/12/2026 6:59:16 PM","3ABD7762F83A636B852B2B9538B27A91F7FA84D3448FE9F5AA33DFBF9BF900B4"
"Proxmox-export-file-validation.txt","Proxmox-export-file-validation.txt","C:\Shares\IT\HomeLab-Evidence-Export-20260612-184743\Proxmox-export-file-validation.txt","2676","6/12/2026 6:59:15 PM","4DF993C3200CD71735D098653D98291AD493A78359D228D82CFC741E4E27B597"
"README.txt","README.txt","C:\Shares\IT\HomeLab-Evidence-Export-20260612-184743\README.txt","293","6/12/2026 6:48:58 PM","2CF208B23B44BA463606A225FCCBAEEFF84F001680CDA69B85A2DF3280BC36D2"
"WS01-copy-log.txt","WS01-copy-log.txt","C:\Shares\IT\HomeLab-Evidence-Export-20260612-184743\WS01-copy-log.txt","1674","6/12/2026 6:52:36 PM","AA804C70BF15C41548C48B09BF0A198DC07DF0D5A12B80C16986CF9B75FCFC9A"
"01-hostname.txt","WS01-Evidence\WS01-IT-Drive-Map-RO-Validation-20260612-182632\01-hostname.txt","C:\Shares\IT\HomeLab-Evidence-Export-20260612-184743\WS01-Evidence\WS01-IT-Drive-Map-RO-Validation-20260612-182632\01-hostname.txt","14","6/12/2026 6:26:33 PM","9D404109ED4880B2BF829DCBF1F9D020538BFB10E9DA794E004F34BDB7B12B9D"
"02-whoami.txt","WS01-Evidence\WS01-IT-Drive-Map-RO-Validation-20260612-182632\02-whoami.txt","C:\Shares\IT\HomeLab-Evidence-Export-20260612-184743\WS01-Evidence\WS01-IT-Drive-Map-RO-Validation-20260612-182632\02-whoami.txt","42","6/12/2026 6:26:33 PM","E8E9AE6292650280B3B973064C55AC5BE5C9EF1C843F7FAD5110226793695651"
"03-whoami-groups.txt","WS01-Evidence\WS01-IT-Drive-Map-RO-Validation-20260612-182632\03-whoami-groups.txt","C:\Shares\IT\HomeLab-Evidence-Export-20260612-184743\WS01-Evidence\WS01-IT-Drive-Map-RO-Validation-20260612-182632\03-whoami-groups.txt","4482","6/12/2026 6:26:33 PM","8A8F7DE6C0DCFC4F9B4D313BD18E907FBEF911E292B23BA19DB38FD4816BC8BA"
"04-gpupdate.txt","WS01-Evidence\WS01-IT-Drive-Map-RO-Validation-20260612-182632\04-gpupdate.txt","C:\Shares\IT\HomeLab-Evidence-Export-20260612-184743\WS01-Evidence\WS01-IT-Drive-Map-RO-Validation-20260612-182632\04-gpupdate.txt","270","6/12/2026 6:26:48 PM","3F8B31DA95460EF15588FAA67145D5C4AE15C2AEADEC221762CB085D8A82521A"
"05-gpresult-user.txt","WS01-Evidence\WS01-IT-Drive-Map-RO-Validation-20260612-182632\05-gpresult-user.txt","C:\Shares\IT\HomeLab-Evidence-Export-20260612-184743\WS01-Evidence\WS01-IT-Drive-Map-RO-Validation-20260612-182632\05-gpresult-user.txt","3552","6/12/2026 6:26:50 PM","B264EB2CB48979DE4C830E8A29024251A4759058410A5E54FACB16E505620EFB"
"06-run-key-map-command.txt","WS01-Evidence\WS01-IT-Drive-Map-RO-Validation-20260612-182632\06-run-key-map-command.txt","C:\Shares\IT\HomeLab-Evidence-Export-20260612-184743\WS01-Evidence\WS01-IT-Drive-Map-RO-Validation-20260612-182632\06-run-key-map-command.txt","438","6/12/2026 6:26:50 PM","4E205DFBF3190232E864F00D5DBBD9F963338993CD70F514AE289C24D981DD09"
"07-net-use-delete-i.txt","WS01-Evidence\WS01-IT-Drive-Map-RO-Validation-20260612-182632\07-net-use-delete-i.txt","C:\Shares\IT\HomeLab-Evidence-Export-20260612-184743\WS01-Evidence\WS01-IT-Drive-Map-RO-Validation-20260612-182632\07-net-use-delete-i.txt","66","6/12/2026 6:26:50 PM","F4333B1E5FD0AAC74E8EFEB7BC9F14A31877F6E494F0CD93082390CA14FA03EC"
"08-net-use-create-i.txt","WS01-Evidence\WS01-IT-Drive-Map-RO-Validation-20260612-182632\08-net-use-create-i.txt","C:\Shares\IT\HomeLab-Evidence-Export-20260612-184743\WS01-Evidence\WS01-IT-Drive-Map-RO-Validation-20260612-182632\08-net-use-create-i.txt","80","6/12/2026 6:26:51 PM","83CB299C765FFE716682FA2F7379218AE7A063FD15D51ABDD381EBCD2D3F6B08"
"09-net-use-i.txt","WS01-Evidence\WS01-IT-Drive-Map-RO-Validation-20260612-182632\09-net-use-i.txt","C:\Shares\IT\HomeLab-Evidence-Export-20260612-184743\WS01-Evidence\WS01-IT-Drive-Map-RO-Validation-20260612-182632\09-net-use-i.txt","358","6/12/2026 6:26:53 PM","B59257F914F2953FCA8CDC44595FFC31D08FF6FF985296FC5F00B0F791A0D0F3"
"10-psdrive-i.txt","WS01-Evidence\WS01-IT-Drive-Map-RO-Validation-20260612-182632\10-psdrive-i.txt","C:\Shares\IT\HomeLab-Evidence-Export-20260612-184743\WS01-Evidence\WS01-IT-Drive-Map-RO-Validation-20260612-182632\10-psdrive-i.txt","280","6/12/2026 6:26:53 PM","A982A22923BD7B643C36CE2B151C8B86BBDDD3CBBD985F9BD156FEB54618A337"
"11-testpath-i-drive.txt","WS01-Evidence\WS01-IT-Drive-Map-RO-Validation-20260612-182632\11-testpath-i-drive.txt","C:\Shares\IT\HomeLab-Evidence-Export-20260612-184743\WS01-Evidence\WS01-IT-Drive-Map-RO-Validation-20260612-182632\11-testpath-i-drive.txt","14","6/12/2026 6:26:53 PM","90E9FFE6C9B6BFEC644E69469136B47B11D8FC98A91CB2E2CC45551BCBBD33A2"
"12-i-drive-listing.txt","WS01-Evidence\WS01-IT-Drive-Map-RO-Validation-20260612-182632\12-i-drive-listing.txt","C:\Shares\IT\HomeLab-Evidence-Export-20260612-184743\WS01-Evidence\WS01-IT-Drive-Map-RO-Validation-20260612-182632\12-i-drive-listing.txt","1064","6/12/2026 6:26:54 PM","EB066654FE24403791542F4C8532D7A37ABED577ECE25F3E13709DAB444CB073"
"13-write-denial-test.txt","WS01-Evidence\WS01-IT-Drive-Map-RO-Validation-20260612-182632\13-write-denial-test.txt","C:\Shares\IT\HomeLab-Evidence-Export-20260612-184743\WS01-Evidence\WS01-IT-Drive-Map-RO-Validation-20260612-182632\13-write-denial-test.txt","288","6/12/2026 6:26:54 PM","1420EDFE24FF765B0BD240693C68C8C49F69EF26D3389F156111893C1126F81E"
"14-validation-summary.txt","WS01-Evidence\WS01-IT-Drive-Map-RO-Validation-20260612-182632\14-validation-summary.txt","C:\Shares\IT\HomeLab-Evidence-Export-20260612-184743\WS01-Evidence\WS01-IT-Drive-Map-RO-Validation-20260612-182632\14-validation-summary.txt","982","6/12/2026 6:26:55 PM","9614A0969C936311F65BC2630A5DA3901CDA6975DD2463732246A19F19AFE788"
"15-evidence-file-list.txt","WS01-Evidence\WS01-IT-Drive-Map-RO-Validation-20260612-182632\15-evidence-file-list.txt","C:\Shares\IT\HomeLab-Evidence-Export-20260612-184743\WS01-Evidence\WS01-IT-Drive-Map-RO-Validation-20260612-182632\15-evidence-file-list.txt","1806","6/12/2026 6:26:55 PM","AD8D387A05BC9DECF195385110B8BAEA888E12316B79F7A659471CDE764AEE97"
"01-hostname.txt","WS01-Evidence\WS01-IT-Drive-Map-Validation-Retry-20260612-181740\01-hostname.txt","C:\Shares\IT\HomeLab-Evidence-Export-20260612-184743\WS01-Evidence\WS01-IT-Drive-Map-Validation-Retry-20260612-181740\01-hostname.txt","14","6/12/2026 6:17:41 PM","9D404109ED4880B2BF829DCBF1F9D020538BFB10E9DA794E004F34BDB7B12B9D"
"02-whoami.txt","WS01-Evidence\WS01-IT-Drive-Map-Validation-Retry-20260612-181740\02-whoami.txt","C:\Shares\IT\HomeLab-Evidence-Export-20260612-184743\WS01-Evidence\WS01-IT-Drive-Map-Validation-Retry-20260612-181740\02-whoami.txt","30","6/12/2026 6:17:41 PM","2CF749C062A16C7A759A6C44FE78C7DB399C167230890C319D9AFFDF01A29BC6"
"03-whoami-groups.txt","WS01-Evidence\WS01-IT-Drive-Map-Validation-Retry-20260612-181740\03-whoami-groups.txt","C:\Shares\IT\HomeLab-Evidence-Export-20260612-184743\WS01-Evidence\WS01-IT-Drive-Map-Validation-Retry-20260612-181740\03-whoami-groups.txt","5110","6/12/2026 6:17:42 PM","EE174909825ECFD4A34F0BAE2F1442B599BC1E7E58835AD15518FBCF3AF5E1CC"
"04-gpupdate.txt","WS01-Evidence\WS01-IT-Drive-Map-Validation-Retry-20260612-181740\04-gpupdate.txt","C:\Shares\IT\HomeLab-Evidence-Export-20260612-184743\WS01-Evidence\WS01-IT-Drive-Map-Validation-Retry-20260612-181740\04-gpupdate.txt","270","6/12/2026 6:17:56 PM","3F8B31DA95460EF15588FAA67145D5C4AE15C2AEADEC221762CB085D8A82521A"
"05-gpresult-user.txt","WS01-Evidence\WS01-IT-Drive-Map-Validation-Retry-20260612-181740\05-gpresult-user.txt","C:\Shares\IT\HomeLab-Evidence-Export-20260612-184743\WS01-Evidence\WS01-IT-Drive-Map-Validation-Retry-20260612-181740\05-gpresult-user.txt","3658","6/12/2026 6:17:58 PM","762D06A43DB650FA29568802BC4218DDADA5E72C6C7022A6849D6468E8D36F19"
"06-run-key-map-command.txt","WS01-Evidence\WS01-IT-Drive-Map-Validation-Retry-20260612-181740\06-run-key-map-command.txt","C:\Shares\IT\HomeLab-Evidence-Export-20260612-184743\WS01-Evidence\WS01-IT-Drive-Map-Validation-Retry-20260612-181740\06-run-key-map-command.txt","438","6/12/2026 6:17:59 PM","4E205DFBF3190232E864F00D5DBBD9F963338993CD70F514AE289C24D981DD09"
"07-net-use-delete-i.txt","WS01-Evidence\WS01-IT-Drive-Map-Validation-Retry-20260612-181740\07-net-use-delete-i.txt","C:\Shares\IT\HomeLab-Evidence-Export-20260612-184743\WS01-Evidence\WS01-IT-Drive-Map-Validation-Retry-20260612-181740\07-net-use-delete-i.txt","66","6/12/2026 6:17:59 PM","F4333B1E5FD0AAC74E8EFEB7BC9F14A31877F6E494F0CD93082390CA14FA03EC"
"08-net-use-create-i.txt","WS01-Evidence\WS01-IT-Drive-Map-Validation-Retry-20260612-181740\08-net-use-create-i.txt","C:\Shares\IT\HomeLab-Evidence-Export-20260612-184743\WS01-Evidence\WS01-IT-Drive-Map-Validation-Retry-20260612-181740\08-net-use-create-i.txt","80","6/12/2026 6:17:59 PM","83CB299C765FFE716682FA2F7379218AE7A063FD15D51ABDD381EBCD2D3F6B08"
"09-net-use-i.txt","WS01-Evidence\WS01-IT-Drive-Map-Validation-Retry-20260612-181740\09-net-use-i.txt","C:\Shares\IT\HomeLab-Evidence-Export-20260612-184743\WS01-Evidence\WS01-IT-Drive-Map-Validation-Retry-20260612-181740\09-net-use-i.txt","358","6/12/2026 6:18:01 PM","B59257F914F2953FCA8CDC44595FFC31D08FF6FF985296FC5F00B0F791A0D0F3"
"10-psdrive-i.txt","WS01-Evidence\WS01-IT-Drive-Map-Validation-Retry-20260612-181740\10-psdrive-i.txt","C:\Shares\IT\HomeLab-Evidence-Export-20260612-184743\WS01-Evidence\WS01-IT-Drive-Map-Validation-Retry-20260612-181740\10-psdrive-i.txt","280","6/12/2026 6:18:01 PM","A982A22923BD7B643C36CE2B151C8B86BBDDD3CBBD985F9BD156FEB54618A337"
"11-testpath-i-drive.txt","WS01-Evidence\WS01-IT-Drive-Map-Validation-Retry-20260612-181740\11-testpath-i-drive.txt","C:\Shares\IT\HomeLab-Evidence-Export-20260612-184743\WS01-Evidence\WS01-IT-Drive-Map-Validation-Retry-20260612-181740\11-testpath-i-drive.txt","14","6/12/2026 6:18:01 PM","90E9FFE6C9B6BFEC644E69469136B47B11D8FC98A91CB2E2CC45551BCBBD33A2"
"12-i-drive-listing.txt","WS01-Evidence\WS01-IT-Drive-Map-Validation-Retry-20260612-181740\12-i-drive-listing.txt","C:\Shares\IT\HomeLab-Evidence-Export-20260612-184743\WS01-Evidence\WS01-IT-Drive-Map-Validation-Retry-20260612-181740\12-i-drive-listing.txt","914","6/12/2026 6:18:02 PM","0A8A843F198927B4BE3CBA5C5673D95CCB92710A0BE72A4FF6EDBAD725A3B002"
"13-write-read-test.txt","WS01-Evidence\WS01-IT-Drive-Map-Validation-Retry-20260612-181740\13-write-read-test.txt","C:\Shares\IT\HomeLab-Evidence-Export-20260612-184743\WS01-Evidence\WS01-IT-Drive-Map-Validation-Retry-20260612-181740\13-write-read-test.txt","152","6/12/2026 6:18:02 PM","584CCD5985BDFA89B81114392EB6B6F49B6D7B8FDCADE850B0B39E824FBC8348"
"14-validation-summary.txt","WS01-Evidence\WS01-IT-Drive-Map-Validation-Retry-20260612-181740\14-validation-summary.txt","C:\Shares\IT\HomeLab-Evidence-Export-20260612-184743\WS01-Evidence\WS01-IT-Drive-Map-Validation-Retry-20260612-181740\14-validation-summary.txt","914","6/12/2026 6:18:02 PM","C110EBC84CD4067CE82EAD7218928F4C56867F9373B0D308DB549554A82B2D42"
"15-evidence-file-list.txt","WS01-Evidence\WS01-IT-Drive-Map-Validation-Retry-20260612-181740\15-evidence-file-list.txt","C:\Shares\IT\HomeLab-Evidence-Export-20260612-184743\WS01-Evidence\WS01-IT-Drive-Map-Validation-Retry-20260612-181740\15-evidence-file-list.txt","1806","6/12/2026 6:18:02 PM","E7632AF2171FF5D0B913B79BF34175A626CF08D46D1F69BE60E5F30CED9A6F45"
"01-whoami.txt","WS01-Evidence\WS01-IT-Share-RO-Validation-20260612-175653\01-whoami.txt","C:\Shares\IT\HomeLab-Evidence-Export-20260612-184743\WS01-Evidence\WS01-IT-Share-RO-Validation-20260612-175653\01-whoami.txt","42","6/12/2026 5:56:55 PM","E8E9AE6292650280B3B973064C55AC5BE5C9EF1C843F7FAD5110226793695651"
"02-whoami-groups.txt","WS01-Evidence\WS01-IT-Share-RO-Validation-20260612-175653\02-whoami-groups.txt","C:\Shares\IT\HomeLab-Evidence-Export-20260612-184743\WS01-Evidence\WS01-IT-Share-RO-Validation-20260612-175653\02-whoami-groups.txt","4482","6/12/2026 5:56:55 PM","8A8F7DE6C0DCFC4F9B4D313BD18E907FBEF911E292B23BA19DB38FD4816BC8BA"
"03-share-path-test.txt","WS01-Evidence\WS01-IT-Share-RO-Validation-20260612-175653\03-share-path-test.txt","C:\Shares\IT\HomeLab-Evidence-Export-20260612-184743\WS01-Evidence\WS01-IT-Share-RO-Validation-20260612-175653\03-share-path-test.txt","14","6/12/2026 5:56:55 PM","90E9FFE6C9B6BFEC644E69469136B47B11D8FC98A91CB2E2CC45551BCBBD33A2"
"04-share-listing.txt","WS01-Evidence\WS01-IT-Share-RO-Validation-20260612-175653\04-share-listing.txt","C:\Shares\IT\HomeLab-Evidence-Export-20260612-184743\WS01-Evidence\WS01-IT-Share-RO-Validation-20260612-175653\04-share-listing.txt","558","6/12/2026 5:56:55 PM","41057441C43F9F6A8E035FD351CA7FC28522872C5BF13B29AEC5FA53B67C1984"
"05-read-test.txt","WS01-Evidence\WS01-IT-Share-RO-Validation-20260612-175653\05-read-test.txt","C:\Shares\IT\HomeLab-Evidence-Export-20260612-184743\WS01-Evidence\WS01-IT-Share-RO-Validation-20260612-175653\05-read-test.txt","486","6/12/2026 5:56:55 PM","BCD08CE3125503D0FC003EAD745577CEEEFA15D409AD9EAD069D4644F77C175E"
"06-write-denial-test.txt","WS01-Evidence\WS01-IT-Share-RO-Validation-20260612-175653\06-write-denial-test.txt","C:\Shares\IT\HomeLab-Evidence-Export-20260612-184743\WS01-Evidence\WS01-IT-Share-RO-Validation-20260612-175653\06-write-denial-test.txt","368","6/12/2026 5:56:56 PM","171BB28C8FCD0CB9DAE7CC559617B392F3E1C0E20982A151106FF3884DFC1E8A"
"07-validation-summary.txt","WS01-Evidence\WS01-IT-Share-RO-Validation-20260612-175653\07-validation-summary.txt","C:\Shares\IT\HomeLab-Evidence-Export-20260612-184743\WS01-Evidence\WS01-IT-Share-RO-Validation-20260612-175653\07-validation-summary.txt","624","6/12/2026 5:56:56 PM","80AE163051C818E9B707A969ABE48F9E7FE09F65BC4B6E2D8B459B65F2F2163B"
"08-evidence-file-list.txt","WS01-Evidence\WS01-IT-Share-RO-Validation-20260612-175653\08-evidence-file-list.txt","C:\Shares\IT\HomeLab-Evidence-Export-20260612-184743\WS01-Evidence\WS01-IT-Share-RO-Validation-20260612-175653\08-evidence-file-list.txt","1004","6/12/2026 5:56:57 PM","BA53AD7B0D2F0EFDD0C0D85DDF4BAB23A50D4E6CFD3F57641B61FD2AE0F7D930"
"01-whoami.txt","WS01-Evidence\WS01-IT-Share-RW-Validation-20260612-174438\01-whoami.txt","C:\Shares\IT\HomeLab-Evidence-Export-20260612-184743\WS01-Evidence\WS01-IT-Share-RW-Validation-20260612-174438\01-whoami.txt","30","6/12/2026 5:44:40 PM","2CF749C062A16C7A759A6C44FE78C7DB399C167230890C319D9AFFDF01A29BC6"
"02-whoami-groups.txt","WS01-Evidence\WS01-IT-Share-RW-Validation-20260612-174438\02-whoami-groups.txt","C:\Shares\IT\HomeLab-Evidence-Export-20260612-184743\WS01-Evidence\WS01-IT-Share-RW-Validation-20260612-174438\02-whoami-groups.txt","5110","6/12/2026 5:44:40 PM","B14563F5167335D1E1B38D64CDB206103B2A465EE76B54FE25EBEF84EA080533"
"03-share-path-test.txt","WS01-Evidence\WS01-IT-Share-RW-Validation-20260612-174438\03-share-path-test.txt","C:\Shares\IT\HomeLab-Evidence-Export-20260612-184743\WS01-Evidence\WS01-IT-Share-RW-Validation-20260612-174438\03-share-path-test.txt","14","6/12/2026 5:44:40 PM","90E9FFE6C9B6BFEC644E69469136B47B11D8FC98A91CB2E2CC45551BCBBD33A2"
"04-share-listing-before.txt","WS01-Evidence\WS01-IT-Share-RW-Validation-20260612-174438\04-share-listing-before.txt","C:\Shares\IT\HomeLab-Evidence-Export-20260612-184743\WS01-Evidence\WS01-IT-Share-RW-Validation-20260612-174438\04-share-listing-before.txt","308","6/12/2026 5:44:40 PM","886393B093D89E514E5D6181167AB5F82DC5D27619FBC3B9AD8AA27595F34FDA"
"05-write-test-file-created.txt","WS01-Evidence\WS01-IT-Share-RW-Validation-20260612-174438\05-write-test-file-created.txt","C:\Shares\IT\HomeLab-Evidence-Export-20260612-184743\WS01-Evidence\WS01-IT-Share-RW-Validation-20260612-174438\05-write-test-file-created.txt","482","6/12/2026 5:44:41 PM","E9C8F0C09721A5ABFC2FBB5BFB3F050B6C8523DED6778FC876D1EA3EA5372E9F"
"06-read-back-test.txt","WS01-Evidence\WS01-IT-Share-RW-Validation-20260612-174438\06-read-back-test.txt","C:\Shares\IT\HomeLab-Evidence-Export-20260612-184743\WS01-Evidence\WS01-IT-Share-RW-Validation-20260612-174438\06-read-back-test.txt","146","6/12/2026 5:44:41 PM","F53BB677D619B043791C9750482DB911794B22591223CD7E9E8F8B3013F43C0D"
"07-share-listing-after.txt","WS01-Evidence\WS01-IT-Share-RW-Validation-20260612-174438\07-share-listing-after.txt","C:\Shares\IT\HomeLab-Evidence-Export-20260612-184743\WS01-Evidence\WS01-IT-Share-RW-Validation-20260612-174438\07-share-listing-after.txt","558","6/12/2026 5:44:41 PM","41057441C43F9F6A8E035FD351CA7FC28522872C5BF13B29AEC5FA53B67C1984"
"08-validation-summary.txt","WS01-Evidence\WS01-IT-Share-RW-Validation-20260612-174438\08-validation-summary.txt","C:\Shares\IT\HomeLab-Evidence-Export-20260612-184743\WS01-Evidence\WS01-IT-Share-RW-Validation-20260612-174438\08-validation-summary.txt","550","6/12/2026 5:44:41 PM","DD2BEEE1E2FD8D01B5D159C0312FF47CF60118E370132103EB48B91363ABF139"
"09-evidence-file-list.txt","WS01-Evidence\WS01-IT-Share-RW-Validation-20260612-174438\09-evidence-file-list.txt","C:\Shares\IT\HomeLab-Evidence-Export-20260612-184743\WS01-Evidence\WS01-IT-Share-RW-Validation-20260612-174438\09-evidence-file-list.txt","1214","6/12/2026 5:44:42 PM","7BDE213CB0291F5F22F41E8024A30A0C260E55BB512A8D09C4574F7CB07D187B"
"WS01-export-file-count.txt","WS01-export-file-count.txt","C:\Shares\IT\HomeLab-Evidence-Export-20260612-184743\WS01-export-file-count.txt","182","6/12/2026 6:52:37 PM","6A5B49FA20DBF9EA08B16A45EA5D60CE1EF3CD7FF33FC366F7BD3B8D87BB1921"
"WS01-export-folder-validation.txt","WS01-export-folder-validation.txt","C:\Shares\IT\HomeLab-Evidence-Export-20260612-184743\WS01-export-folder-validation.txt","1466","6/12/2026 6:52:37 PM","B2CB6FF1942AD694212F7E2FA55E820161EF2C247B3C03A8D816F3886686D77E"
